subject,trial_id,tier,condition,correct,rt_s,group
0,training_00,training,chair_vs_loudspeaker,1,1.5419583759631967,adult
0,training_01,training,chair_vs_loudspeaker,1,2.1430211331260987,adult
0,training_02,training,chair_vs_abstract4,1,1.047168169608074,adult
0,training_03,training,lamp_vs_chair,1,1.0737511727519646,adult
0,training_04,training,lamp_vs_loudspeaker,1,0.41972214088312826,adult
0,training_05,training,lamp_vs_abstract4,1,2.0857970425913126,adult
0,shapenet1357,warmup,chair,1,1.3196715770374197,adult
0,shapenet942,warmup,chair,1,1.145590875696481,adult
0,shapenet1263,warmup,chair,1,1.205313738350044,adult
0,shapenet431,warmup,lamp,1,2.093794226256663,adult
0,shapenet1477,warmup,lamp,1,1.6904626579945838,adult
0,shapenet1053,warmup,lamp,1,1.2687822488581082,adult
0,shapenet1147,warmup,bench,1,1.2212676744526272,adult
0,shapenet886,warmup,bench,1,2.4506457192697915,adult
0,shapenet1082,familiar,lamp,1,1.161912185850568,adult
0,shapenet1392,familiar,telephone,1,1.71082489295648,adult
0,shapenet904,familiar,loudspeaker,1,1.6594942170153786,adult
0,shapenet950,familiar,cabinet,1,2.192346831428818,adult
0,shapenet1460,familiar,telephone,1,6.423778142479497,adult
0,shapenet1413,familiar,bench,1,3.1484285254574087,adult
0,shapenet469,familiar,loudspeaker,0,2.0302375661064316,adult
0,shapenet1451,familiar,display,1,2.7361670088611114,adult
0,shapenet697,familiar,chair,1,1.168448928709349,adult
0,shapenet1312,familiar,chair,1,0.902382469938188,adult
0,shapenet1285,familiar,cabinet,1,1.0037675070878642,adult
0,shapenet782,familiar,chair,1,1.238002881618321,adult
0,shapenet708,familiar,bench,1,2.391021855670376,adult
0,shapegen1507,novel,abstract4,1,3.101403343566328,adult
0,shapegen1554,novel,abstract4,1,1.894856752191724,adult
0,shapegen2205,novel,abstract4,1,1.5711425066832756,adult
0,shapegen2260,novel,abstract4,1,1.0551668577393503,adult
0,shapegen2267,novel,abstract4,1,3.411694309368576,adult
0,shapegen2132,novel,abstract4,1,3.5368632572899354,adult
0,shapegen2249,novel,abstract4,1,1.3884309838144127,adult
0,shapegen2326,novel,abstract4,1,1.3038800189730104,adult
1,training_00,training,chair_vs_loudspeaker,1,2.717197870592704,adult
1,training_01,training,chair_vs_loudspeaker,1,1.1366637359048026,adult
1,training_02,training,chair_vs_abstract4,1,1.3232566541492146,adult
1,training_03,training,lamp_vs_chair,1,0.7182389207233575,adult
1,training_04,training,lamp_vs_loudspeaker,1,2.1740807413628693,adult
1,training_05,training,lamp_vs_abstract4,1,1.0692925863703482,adult
1,shapenet1357,warmup,chair,1,0.8164655068295165,adult
1,shapenet942,warmup,chair,1,1.4543091683345435,adult
1,shapenet1263,warmup,chair,1,1.3203708867302002,adult
1,shapenet431,warmup,lamp,1,2.005022692063508,adult
1,shapenet1477,warmup,lamp,1,2.6944325431577814,adult
1,shapenet1053,warmup,lamp,1,2.9663777311815496,adult
1,shapenet1147,warmup,bench,1,1.731525153103265,adult
1,shapenet886,warmup,bench,1,1.4254963188840672,adult
1,shapenet1082,familiar,lamp,1,1.5593109044607418,adult
1,shapenet1392,familiar,telephone,1,0.5570704032736229,adult
1,shapenet904,familiar,loudspeaker,1,2.1495287807437458,adult
1,shapenet950,familiar,cabinet,1,2.2559855276375838,adult
1,shapenet1460,familiar,telephone,1,1.7075134046107978,adult
1,shapenet1413,familiar,bench,1,1.2036877962375596,adult
1,shapenet469,familiar,loudspeaker,0,3.460963449833078,adult
1,shapenet1451,familiar,display,0,1.8247038676935141,adult
1,shapenet697,familiar,chair,1,0.8664841098803092,adult
1,shapenet1312,familiar,chair,1,1.9267256905264034,adult
1,shapenet1285,familiar,cabinet,1,1.5145091534977537,adult
1,shapenet782,familiar,chair,1,2.281321582225052,adult
1,shapenet708,familiar,bench,1,1.6375523893118797,adult
1,shapegen1507,novel,abstract4,1,2.423680681795769,adult
1,shapegen1554,novel,abstract4,1,2.073103637632868,adult
1,shapegen2205,novel,abstract4,1,1.467362609267895,adult
1,shapegen2260,novel,abstract4,1,2.9455079436818963,adult
1,shapegen2267,novel,abstract4,1,3.914588758350202,adult
1,shapegen2132,novel,abstract4,1,3.891966211596196,adult
1,shapegen2249,novel,abstract4,1,1.6658296318514831,adult
1,shapegen2326,novel,abstract4,1,3.151224373972536,adult
2,training_00,training,chair_vs_loudspeaker,1,1.8213422502947718,adult
2,training_01,training,chair_vs_loudspeaker,1,0.7844218010568681,adult
2,training_02,training,chair_vs_abstract4,1,1.7981015195305148,adult
2,training_03,training,lamp_vs_chair,1,1.2649883088988496,adult
2,training_04,training,lamp_vs_loudspeaker,1,1.1582953959938043,adult
2,training_05,training,lamp_vs_abstract4,1,1.7467195904613217,adult
2,shapenet1357,warmup,chair,1,2.9557504122454192,adult
2,shapenet942,warmup,chair,1,5.015970146042202,adult
2,shapenet1263,warmup,chair,1,0.8369298508567075,adult
2,shapenet431,warmup,lamp,1,2.7341781428409386,adult
2,shapenet1477,warmup,lamp,1,2.112647731184553,adult
2,shapenet1053,warmup,lamp,1,2.766783593318893,adult
2,shapenet1147,warmup,bench,1,1.7715118782960246,adult
2,shapenet886,warmup,bench,1,2.3427706652157916,adult
2,shapenet1082,familiar,lamp,1,1.9906086117269284,adult
2,shapenet1392,familiar,telephone,1,1.06415480106462,adult
2,shapenet904,familiar,loudspeaker,1,2.560726611451636,adult
2,shapenet950,familiar,cabinet,1,1.1975068897586176,adult
2,shapenet1460,familiar,telephone,1,2.6019349599184274,adult
2,shapenet1413,familiar,bench,1,3.2561348290705516,adult
2,shapenet469,familiar,loudspeaker,1,1.2452385041029592,adult
2,shapenet1451,familiar,display,1,1.9648254369427987,adult
2,shapenet697,familiar,chair,1,2.7323680978621585,adult
2,shapenet1312,familiar,chair,1,1.6519361808959871,adult
2,shapenet1285,familiar,cabinet,1,6.29814750416129,adult
2,shapenet782,familiar,chair,1,1.9192989999673724,adult
2,shapenet708,familiar,bench,1,1.1929253166907348,adult
2,shapegen1507,novel,abstract4,1,3.2287623617812145,adult
2,shapegen1554,novel,abstract4,1,1.9669975989033657,adult
2,shapegen2205,novel,abstract4,0,2.9023514747476766,adult
2,shapegen2260,novel,abstract4,0,1.696826750075851,adult
2,shapegen2267,novel,abstract4,1,2.950693718205114,adult
2,shapegen2132,novel,abstract4,1,1.3711460391403933,adult
2,shapegen2249,novel,abstract4,1,1.6512515256282263,adult
2,shapegen2326,novel,abstract4,1,2.761852405692427,adult
3,training_00,training,chair_vs_loudspeaker,1,0.8131400392433604,adult
3,training_01,training,chair_vs_loudspeaker,1,0.8833189395568087,adult
3,training_02,training,chair_vs_abstract4,1,2.5329554211267657,adult
3,training_03,training,lamp_vs_chair,1,1.5596895634804877,adult
3,training_04,training,lamp_vs_loudspeaker,1,1.5268824934004384,adult
3,training_05,training,lamp_vs_abstract4,1,2.5968392891537437,adult
3,shapenet1357,warmup,chair,1,1.605269245918328,adult
3,shapenet942,warmup,chair,1,1.7763077290558884,adult
3,shapenet1263,warmup,chair,1,1.7320142613970062,adult
3,shapenet431,warmup,lamp,1,1.7233393452657566,adult
3,shapenet1477,warmup,lamp,1,1.0885381139832324,adult
3,shapenet1053,warmup,lamp,1,0.7154670033248242,adult
3,shapenet1147,warmup,bench,1,1.8790957425359414,adult
3,shapenet886,warmup,bench,1,1.070471821668936,adult
3,shapenet1082,familiar,lamp,1,1.5826454942322354,adult
3,shapenet1392,familiar,telephone,1,2.3562583757412074,adult
3,shapenet904,familiar,loudspeaker,1,1.038599590894081,adult
3,shapenet950,familiar,cabinet,1,5.391543741996595,adult
3,shapenet1460,familiar,telephone,1,4.217749799071401,adult
3,shapenet1413,familiar,bench,1,1.8525814537143133,adult
3,shapenet469,familiar,loudspeaker,1,2.244985088797024,adult
3,shapenet1451,familiar,display,1,1.5064277758037672,adult
3,shapenet697,familiar,chair,1,0.8681906114634138,adult
3,shapenet1312,familiar,chair,1,1.3001075432597664,adult
3,shapenet1285,familiar,cabinet,1,3.8858873054552894,adult
3,shapenet782,familiar,chair,1,2.1228525701923253,adult
3,shapenet708,familiar,bench,1,0.8907097015008276,adult
3,shapegen1507,novel,abstract4,1,2.4648999370217504,adult
3,shapegen1554,novel,abstract4,1,4.3731161711548365,adult
3,shapegen2205,novel,abstract4,1,1.4971065255530847,adult
3,shapegen2260,novel,abstract4,1,1.1692985203461281,adult
3,shapegen2267,novel,abstract4,1,1.8692579074532927,adult
3,shapegen2132,novel,abstract4,1,4.829632848277192,adult
3,shapegen2249,novel,abstract4,1,1.161420448068858,adult
3,shapegen2326,novel,abstract4,1,1.9838999250299107,adult
4,training_00,training,chair_vs_loudspeaker,1,1.3962829998996957,adult
4,training_01,training,chair_vs_loudspeaker,1,3.912135222095861,adult
4,training_02,training,chair_vs_abstract4,1,1.2415726139297283,adult
4,training_03,training,lamp_vs_chair,1,1.3977840664145649,adult
4,training_04,training,lamp_vs_loudspeaker,0,0.5790682444040735,adult
4,training_05,training,lamp_vs_abstract4,1,2.4199044175364772,adult
4,shapenet1357,warmup,chair,1,2.1794781338272062,adult
4,shapenet942,warmup,chair,1,1.6519249037442538,adult
4,shapenet1263,warmup,chair,0,1.2854500423250637,adult
4,shapenet431,warmup,lamp,1,1.7566750511497797,adult
4,shapenet1477,warmup,lamp,1,1.209245855081381,adult
4,shapenet1053,warmup,lamp,1,1.3634711180078716,adult
4,shapenet1147,warmup,bench,1,1.8830821758091796,adult
4,shapenet886,warmup,bench,1,2.0783929804810857,adult
4,shapenet1082,familiar,lamp,1,2.358550478543978,adult
4,shapenet1392,familiar,telephone,1,1.3367054812274322,adult
4,shapenet904,familiar,loudspeaker,0,0.8230925306113899,adult
4,shapenet950,familiar,cabinet,1,1.0623771851561346,adult
4,shapenet1460,familiar,telephone,1,3.700812798326879,adult
4,shapenet1413,familiar,bench,1,1.5098080562147707,adult
4,shapenet469,familiar,loudspeaker,1,1.8500848459307533,adult
4,shapenet1451,familiar,display,1,2.7973873978705233,adult
4,shapenet697,familiar,chair,1,1.65221103579645,adult
4,shapenet1312,familiar,chair,1,2.7021673996606905,adult
4,shapenet1285,familiar,cabinet,0,1.6287247775912637,adult
4,shapenet782,familiar,chair,0,1.3963657440238886,adult
4,shapenet708,familiar,bench,0,4.350577128631434,adult
4,shapegen1507,novel,abstract4,1,3.359257881098498,adult
4,shapegen1554,novel,abstract4,1,3.5772101486155616,adult
4,shapegen2205,novel,abstract4,1,1.213939289292906,adult
4,shapegen2260,novel,abstract4,1,1.5185439279069295,adult
4,shapegen2267,novel,abstract4,1,2.071763595190468,adult
4,shapegen2132,novel,abstract4,1,1.809908451242668,adult
4,shapegen2249,novel,abstract4,1,2.9864451493764914,adult
4,shapegen2326,novel,abstract4,1,2.7417502596957934,adult
5,training_00,training,chair_vs_loudspeaker,1,1.082594278961516,adult
5,training_01,training,chair_vs_loudspeaker,1,2.286321403695298,adult
5,training_02,training,chair_vs_abstract4,0,1.0970918662928566,adult
5,training_03,training,lamp_vs_chair,0,1.0086192842133994,adult
5,training_04,training,lamp_vs_loudspeaker,1,2.50812337604124,adult
5,training_05,training,lamp_vs_abstract4,1,0.5437860113568453,adult
5,shapenet1357,warmup,chair,1,3.2430626818440684,adult
5,shapenet942,warmup,chair,1,1.3964840994134675,adult
5,shapenet1263,warmup,chair,1,1.596718133563943,adult
5,shapenet431,warmup,lamp,1,2.834925989768388,adult
5,shapenet1477,warmup,lamp,1,2.263454135188349,adult
5,shapenet1053,warmup,lamp,0,0.8348352672151967,adult
5,shapenet1147,warmup,bench,1,1.0943296873615231,adult
5,shapenet886,warmup,bench,1,1.650944136621508,adult
5,shapenet1082,familiar,lamp,0,2.86435303949666,adult
5,shapenet1392,familiar,telephone,1,2.277089052972392,adult
5,shapenet904,familiar,loudspeaker,1,1.885557120158783,adult
5,shapenet950,familiar,cabinet,1,1.5149638554638993,adult
5,shapenet1460,familiar,telephone,1,4.249284961972934,adult
5,shapenet1413,familiar,bench,1,1.7504032685986455,adult
5,shapenet469,familiar,loudspeaker,1,2.8550937466900828,adult
5,shapenet1451,familiar,display,1,1.713931390349088,adult
5,shapenet697,familiar,chair,1,0.9999894916930372,adult
5,shapenet1312,familiar,chair,1,0.77805943660445,adult
5,shapenet1285,familiar,cabinet,1,2.1659952987118083,adult
5,shapenet782,familiar,chair,1,2.5693396723364876,adult
5,shapenet708,familiar,bench,1,3.5760611349351556,adult
5,shapegen1507,novel,abstract4,0,2.0122286554030664,adult
5,shapegen1554,novel,abstract4,1,1.8319268907668393,adult
5,shapegen2205,novel,abstract4,0,2.3757965713200364,adult
5,shapegen2260,novel,abstract4,1,1.2694227287698545,adult
5,shapegen2267,novel,abstract4,0,2.354677357181379,adult
5,shapegen2132,novel,abstract4,1,2.3579515608931003,adult
5,shapegen2249,novel,abstract4,1,1.980768686503506,adult
5,shapegen2326,novel,abstract4,1,2.0287090655788824,adult
6,training_00,training,chair_vs_loudspeaker,1,1.181310045910323,adult
6,training_01,training,chair_vs_loudspeaker,1,0.6622442304607825,adult
6,training_02,training,chair_vs_abstract4,1,0.734635477152069,adult
6,training_03,training,lamp_vs_chair,1,1.7305789647649705,adult
6,training_04,training,lamp_vs_loudspeaker,1,0.9370045078987332,adult
6,training_05,training,lamp_vs_abstract4,1,1.186189067297581,adult
6,shapenet1357,warmup,chair,1,1.6848748531895892,adult
6,shapenet942,warmup,chair,1,3.2157863442867183,adult
6,shapenet1263,warmup,chair,1,2.539493267629377,adult
6,shapenet431,warmup,lamp,1,1.7241657130388857,adult
6,shapenet1477,warmup,lamp,1,3.126999621689456,adult
6,shapenet1053,warmup,lamp,1,2.3750653551402614,adult
6,shapenet1147,warmup,bench,1,0.7342620722373102,adult
6,shapenet886,warmup,bench,1,3.0647196151298624,adult
6,shapenet1082,familiar,lamp,1,2.0134024662871464,adult
6,shapenet1392,familiar,telephone,1,0.6927237066194184,adult
6,shapenet904,familiar,loudspeaker,1,2.8618317480092355,adult
6,shapenet950,familiar,cabinet,1,2.1352437788632628,adult
6,shapenet1460,familiar,telephone,1,1.8278535505341587,adult
6,shapenet1413,familiar,bench,1,2.6330635468265227,adult
6,shapenet469,familiar,loudspeaker,1,1.834874265082051,adult
6,shapenet1451,familiar,display,1,2.2059742957894266,adult
6,shapenet697,familiar,chair,1,1.7409927276609114,adult
6,shapenet1312,familiar,chair,1,1.778693181512106,adult
6,shapenet1285,familiar,cabinet,1,1.1209787800628248,adult
6,shapenet782,familiar,chair,1,2.291527315689137,adult
6,shapenet708,familiar,bench,1,4.639271017048172,adult
6,shapegen1507,novel,abstract4,1,1.8015652859523463,adult
6,shapegen1554,novel,abstract4,1,1.4410806892038104,adult
6,shapegen2205,novel,abstract4,1,1.6173781653741977,adult
6,shapegen2260,novel,abstract4,1,1.0909271189514644,adult
6,shapegen2267,novel,abstract4,1,1.9082338395873137,adult
6,shapegen2132,novel,abstract4,1,1.986731076811215,adult
6,shapegen2249,novel,abstract4,1,2.119813748825893,adult
6,shapegen2326,novel,abstract4,1,3.0510241245016423,adult
7,training_00,training,chair_vs_loudspeaker,1,1.0495552378762842,adult
7,training_01,training,chair_vs_loudspeaker,1,1.0258779858857312,adult
7,training_02,training,chair_vs_abstract4,1,0.5071371366072724,adult
7,training_03,training,lamp_vs_chair,1,1.994943324803378,adult
7,training_04,training,lamp_vs_loudspeaker,1,0.8718948642519924,adult
7,training_05,training,lamp_vs_abstract4,1,0.8780636912176213,adult
7,shapenet1357,warmup,chair,1,1.6582631054338572,adult
7,shapenet942,warmup,chair,1,1.1110172066875206,adult
7,shapenet1263,warmup,chair,1,1.0649840063549694,adult
7,shapenet431,warmup,lamp,1,0.9924639836627626,adult
7,shapenet1477,warmup,lamp,1,1.1918844469844936,adult
7,shapenet1053,warmup,lamp,1,1.7650938448963365,adult
7,shapenet1147,warmup,bench,1,2.410315096309376,adult
7,shapenet886,warmup,bench,1,1.079734605702357,adult
7,shapenet1082,familiar,lamp,1,1.8372730007625993,adult
7,shapenet1392,familiar,telephone,1,1.509137838871252,adult
7,shapenet904,familiar,loudspeaker,1,3.7497259374112293,adult
7,shapenet950,familiar,cabinet,1,3.448174438688603,adult
7,shapenet1460,familiar,telephone,1,1.0206333756637562,adult
7,shapenet1413,familiar,bench,1,1.863071539136655,adult
7,shapenet469,familiar,loudspeaker,1,1.9485393428841145,adult
7,shapenet1451,familiar,display,1,1.4972290733589975,adult
7,shapenet697,familiar,chair,1,1.3882844177357712,adult
7,shapenet1312,familiar,chair,1,1.2673180231068142,adult
7,shapenet1285,familiar,cabinet,1,1.4397067282685148,adult
7,shapenet782,familiar,chair,1,0.596619207114972,adult
7,shapenet708,familiar,bench,0,2.5039126346676386,adult
7,shapegen1507,novel,abstract4,1,2.479313890281386,adult
7,shapegen1554,novel,abstract4,1,2.0020245010204643,adult
7,shapegen2205,novel,abstract4,1,1.5016538767995327,adult
7,shapegen2260,novel,abstract4,1,1.6367404894871311,adult
7,shapegen2267,novel,abstract4,1,5.21668485070573,adult
7,shapegen2132,novel,abstract4,1,4.31110117128256,adult
7,shapegen2249,novel,abstract4,1,1.6133572272697356,adult
7,shapegen2326,novel,abstract4,1,1.3250455922351756,adult
8,training_00,training,chair_vs_loudspeaker,1,0.8145421700555896,adult
8,training_01,training,chair_vs_loudspeaker,1,1.5341383674706321,adult
8,training_02,training,chair_vs_abstract4,1,1.272058643829569,adult
8,training_03,training,lamp_vs_chair,1,1.1321603682496624,adult
8,training_04,training,lamp_vs_loudspeaker,1,1.037276775931355,adult
8,training_05,training,lamp_vs_abstract4,1,1.9147703472493565,adult
8,shapenet1357,warmup,chair,1,1.1554628991203282,adult
8,shapenet942,warmup,chair,1,4.783800262020479,adult
8,shapenet1263,warmup,chair,1,1.7269931059279615,adult
8,shapenet431,warmup,lamp,1,1.6656757431877618,adult
8,shapenet1477,warmup,lamp,1,1.9929649708127237,adult
8,shapenet1053,warmup,lamp,1,3.2578386087039437,adult
8,shapenet1147,warmup,bench,1,1.2244250728228654,adult
8,shapenet886,warmup,bench,1,2.0849637365405727,adult
8,shapenet1082,familiar,lamp,1,2.3498065143672275,adult
8,shapenet1392,familiar,telephone,1,2.9313996019044763,adult
8,shapenet904,familiar,loudspeaker,1,1.6293384576188672,adult
8,shapenet950,familiar,cabinet,1,2.81846720702511,adult
8,shapenet1460,familiar,telephone,1,1.3571402281586895,adult
8,shapenet1413,familiar,bench,1,0.674433036619382,adult
8,shapenet469,familiar,loudspeaker,1,0.9036186997207346,adult
8,shapenet1451,familiar,display,1,1.8533403582514894,adult
8,shapenet697,familiar,chair,1,2.7493112906174764,adult
8,shapenet1312,familiar,chair,1,1.920901817288266,adult
8,shapenet1285,familiar,cabinet,1,1.981993274624313,adult
8,shapenet782,familiar,chair,1,2.3768761300423376,adult
8,shapenet708,familiar,bench,1,2.3140187323701413,adult
8,shapegen1507,novel,abstract4,1,3.646125396522346,adult
8,shapegen1554,novel,abstract4,1,1.6703616050319887,adult
8,shapegen2205,novel,abstract4,1,2.4944970983991857,adult
8,shapegen2260,novel,abstract4,1,4.103191084688068,adult
8,shapegen2267,novel,abstract4,1,2.492492988309472,adult
8,shapegen2132,novel,abstract4,1,3.711761743726758,adult
8,shapegen2249,novel,abstract4,1,1.7028119835496618,adult
8,shapegen2326,novel,abstract4,1,3.2094530625786133,adult
9,training_00,training,chair_vs_loudspeaker,1,3.164651109007599,adult
9,training_01,training,chair_vs_loudspeaker,1,1.4685155951163862,adult
9,training_02,training,chair_vs_abstract4,1,1.9807768752799924,adult
9,training_03,training,lamp_vs_chair,1,1.4750967466064278,adult
9,training_04,training,lamp_vs_loudspeaker,1,4.468674857783307,adult
9,training_05,training,lamp_vs_abstract4,1,3.032715212798943,adult
9,shapenet1357,warmup,chair,1,2.0867904334158736,adult
9,shapenet942,warmup,chair,1,1.790712166134667,adult
9,shapenet1263,warmup,chair,1,0.9580207290321239,adult
9,shapenet431,warmup,lamp,1,1.738028000726186,adult
9,shapenet1477,warmup,lamp,1,1.6737164590277152,adult
9,shapenet1053,warmup,lamp,1,5.014905737008639,adult
9,shapenet1147,warmup,bench,1,2.02543061927305,adult
9,shapenet886,warmup,bench,1,2.590761996251887,adult
9,shapenet1082,familiar,lamp,1,1.4155318143077738,adult
9,shapenet1392,familiar,telephone,1,2.700066741245299,adult
9,shapenet904,familiar,loudspeaker,1,0.6475454811808704,adult
9,shapenet950,familiar,cabinet,1,3.258679550869786,adult
9,shapenet1460,familiar,telephone,1,1.2730965662837876,adult
9,shapenet1413,familiar,bench,1,1.1088539651470126,adult
9,shapenet469,familiar,loudspeaker,1,1.720644743730888,adult
9,shapenet1451,familiar,display,1,2.6425997097706677,adult
9,shapenet697,familiar,chair,1,1.7143248328020972,adult
9,shapenet1312,familiar,chair,1,1.164194108021959,adult
9,shapenet1285,familiar,cabinet,0,2.3216235814577963,adult
9,shapenet782,familiar,chair,1,1.2842383446934071,adult
9,shapenet708,familiar,bench,0,1.7086857803029465,adult
9,shapegen1507,novel,abstract4,1,1.5333625944519118,adult
9,shapegen1554,novel,abstract4,1,2.224532647027995,adult
9,shapegen2205,novel,abstract4,1,1.9752363951671261,adult
9,shapegen2260,novel,abstract4,1,2.23029613881751,adult
9,shapegen2267,novel,abstract4,1,6.611661418828208,adult
9,shapegen2132,novel,abstract4,1,1.2638604537846008,adult
9,shapegen2249,novel,abstract4,1,3.885415448998166,adult
9,shapegen2326,novel,abstract4,1,0.6285496748274765,adult
10,training_00,training,chair_vs_loudspeaker,1,1.271299511478804,adult
10,training_01,training,chair_vs_loudspeaker,1,1.7245718937866608,adult
10,training_02,training,chair_vs_abstract4,1,1.1556162629693414,adult
10,training_03,training,lamp_vs_chair,1,1.318070967454796,adult
10,training_04,training,lamp_vs_loudspeaker,1,1.3064782662296264,adult
10,training_05,training,lamp_vs_abstract4,1,1.3784743378119466,adult
10,shapenet1357,warmup,chair,1,1.672700237267009,adult
10,shapenet942,warmup,chair,1,1.5088508182272038,adult
10,shapenet1263,warmup,chair,1,1.3664237723531725,adult
10,shapenet431,warmup,lamp,1,1.4431906707818305,adult
10,shapenet1477,warmup,lamp,1,1.7781918467238516,adult
10,shapenet1053,warmup,lamp,1,1.7927371887983379,adult
10,shapenet1147,warmup,bench,1,1.1903514933741495,adult
10,shapenet886,warmup,bench,1,1.0493737653014557,adult
10,shapenet1082,familiar,lamp,1,0.8679379476064655,adult
10,shapenet1392,familiar,telephone,1,4.070943098069574,adult
10,shapenet904,familiar,loudspeaker,1,1.0524176252268902,adult
10,shapenet950,familiar,cabinet,1,1.2743396686973087,adult
10,shapenet1460,familiar,telephone,1,2.5860297325780466,adult
10,shapenet1413,familiar,bench,1,0.9742421582742263,adult
10,shapenet469,familiar,loudspeaker,1,0.8358587281096206,adult
10,shapenet1451,familiar,display,0,1.4398667374807903,adult
10,shapenet697,familiar,chair,1,2.8493354230631853,adult
10,shapenet1312,familiar,chair,1,1.8145442945967158,adult
10,shapenet1285,familiar,cabinet,1,4.853127603997633,adult
10,shapenet782,familiar,chair,1,2.4899966114371894,adult
10,shapenet708,familiar,bench,1,1.0304176966147187,adult
10,shapegen1507,novel,abstract4,1,2.176538419301862,adult
10,shapegen1554,novel,abstract4,1,0.9990515001345193,adult
10,shapegen2205,novel,abstract4,1,2.6663394483196825,adult
10,shapegen2260,novel,abstract4,1,1.6841338897305458,adult
10,shapegen2267,novel,abstract4,1,2.636598737216024,adult
10,shapegen2132,novel,abstract4,1,4.312888839775656,adult
10,shapegen2249,novel,abstract4,1,4.216858753175964,adult
10,shapegen2326,novel,abstract4,1,1.937158528158665,adult
11,training_00,training,chair_vs_loudspeaker,1,1.376061828965462,adult
11,training_01,training,chair_vs_loudspeaker,1,0.7132098832514799,adult
11,training_02,training,chair_vs_abstract4,1,1.7664018142474351,adult
11,training_03,training,lamp_vs_chair,1,2.4869947743005816,adult
11,training_04,training,lamp_vs_loudspeaker,1,0.9137344322788977,adult
11,training_05,training,lamp_vs_abstract4,1,3.4697283142637225,adult
11,shapenet1357,warmup,chair,1,1.3950838094486018,adult
11,shapenet942,warmup,chair,1,2.1030921585796674,adult
11,shapenet1263,warmup,chair,1,0.8076492888841349,adult
11,shapenet431,warmup,lamp,1,0.7480412746703211,adult
11,shapenet1477,warmup,lamp,1,2.4948001338056693,adult
11,shapenet1053,warmup,lamp,1,1.7348727498330114,adult
11,shapenet1147,warmup,bench,1,1.376191782583285,adult
11,shapenet886,warmup,bench,1,0.7936800062952516,adult
11,shapenet1082,familiar,lamp,1,1.5366334614996187,adult
11,shapenet1392,familiar,telephone,1,1.1277947200611997,adult
11,shapenet904,familiar,loudspeaker,1,2.795560714562461,adult
11,shapenet950,familiar,cabinet,1,1.0161886606244048,adult
11,shapenet1460,familiar,telephone,1,1.6618895249371304,adult
11,shapenet1413,familiar,bench,1,2.6572185148576284,adult
11,shapenet469,familiar,loudspeaker,1,2.4306615266435276,adult
11,shapenet1451,familiar,display,1,1.5001732970168442,adult
11,shapenet697,familiar,chair,1,2.4463308917303173,adult
11,shapenet1312,familiar,chair,1,2.659355239397693,adult
11,shapenet1285,familiar,cabinet,1,1.9542314892622175,adult
11,shapenet782,familiar,chair,1,2.249602312971013,adult
11,shapenet708,familiar,bench,0,1.6716196428273513,adult
11,shapegen1507,novel,abstract4,0,3.457165869679515,adult
11,shapegen1554,novel,abstract4,1,2.0060764421013415,adult
11,shapegen2205,novel,abstract4,1,1.1052216782487359,adult
11,shapegen2260,novel,abstract4,1,2.606042789811639,adult
11,shapegen2267,novel,abstract4,1,1.3011515763448303,adult
11,shapegen2132,novel,abstract4,1,3.696679435626868,adult
11,shapegen2249,novel,abstract4,1,2.5043383607478975,adult
11,shapegen2326,novel,abstract4,1,0.8728512085342864,adult
12,training_00,training,chair_vs_loudspeaker,1,1.8748234881552228,adult
12,training_01,training,chair_vs_loudspeaker,1,1.3890810948005297,adult
12,training_02,training,chair_vs_abstract4,0,2.3582306835738667,adult
12,training_03,training,lamp_vs_chair,1,0.9999403959657963,adult
12,training_04,training,lamp_vs_loudspeaker,1,2.057325995829239,adult
12,training_05,training,lamp_vs_abstract4,0,1.5663100763646012,adult
12,shapenet1357,warmup,chair,1,0.7506501982163691,adult
12,shapenet942,warmup,chair,1,0.7251578521293252,adult
12,shapenet1263,warmup,chair,1,1.3977187028845894,adult
12,shapenet431,warmup,lamp,1,1.1138801124728046,adult
12,shapenet1477,warmup,lamp,1,0.6702184290284541,adult
12,shapenet1053,warmup,lamp,1,0.9292992281457747,adult
12,shapenet1147,warmup,bench,1,1.4850200225014996,adult
12,shapenet886,warmup,bench,1,1.103503865758424,adult
12,shapenet1082,familiar,lamp,0,5.202507971630511,adult
12,shapenet1392,familiar,telephone,1,1.364805544879237,adult
12,shapenet904,familiar,loudspeaker,0,3.1110549568542627,adult
12,shapenet950,familiar,cabinet,1,3.8162353363104753,adult
12,shapenet1460,familiar,telephone,1,1.4577227076653227,adult
12,shapenet1413,familiar,bench,1,1.4052982996507484,adult
12,shapenet469,familiar,loudspeaker,1,1.4719374125784659,adult
12,shapenet1451,familiar,display,0,1.7059358889058325,adult
12,shapenet697,familiar,chair,1,1.5554049050747616,adult
12,shapenet1312,familiar,chair,1,1.085085709133322,adult
12,shapenet1285,familiar,cabinet,1,2.1476923430843593,adult
12,shapenet782,familiar,chair,1,1.553199316258988,adult
12,shapenet708,familiar,bench,1,5.315275983712434,adult
12,shapegen1507,novel,abstract4,1,3.1721041246568604,adult
12,shapegen1554,novel,abstract4,1,1.7669009431326816,adult
12,shapegen2205,novel,abstract4,1,2.7049354883725116,adult
12,shapegen2260,novel,abstract4,1,2.6563220817160245,adult
12,shapegen2267,novel,abstract4,1,3.3871614422729,adult
12,shapegen2132,novel,abstract4,1,0.9469791058861453,adult
12,shapegen2249,novel,abstract4,1,1.1812400287498819,adult
12,shapegen2326,novel,abstract4,1,1.4246966795277307,adult
13,training_00,training,chair_vs_loudspeaker,1,1.5040918256996205,adult
13,training_01,training,chair_vs_loudspeaker,1,2.3396874096503253,adult
13,training_02,training,chair_vs_abstract4,1,1.587079401439211,adult
13,training_03,training,lamp_vs_chair,1,0.6503506365443712,adult
13,training_04,training,lamp_vs_loudspeaker,1,1.6746958194198867,adult
13,training_05,training,lamp_vs_abstract4,1,2.0695541320691064,adult
13,shapenet1357,warmup,chair,1,1.9343316088099574,adult
13,shapenet942,warmup,chair,1,2.0058965415934478,adult
13,shapenet1263,warmup,chair,1,2.3533840145162523,adult
13,shapenet431,warmup,lamp,1,1.1946670568382998,adult
13,shapenet1477,warmup,lamp,1,1.9862661655820628,adult
13,shapenet1053,warmup,lamp,1,1.3543994061501279,adult
13,shapenet1147,warmup,bench,1,1.0995511872676225,adult
13,shapenet886,warmup,bench,1,1.931346211932579,adult
13,shapenet1082,familiar,lamp,1,2.203288428938148,adult
13,shapenet1392,familiar,telephone,1,2.6584793456696385,adult
13,shapenet904,familiar,loudspeaker,0,0.9413301928771975,adult
13,shapenet950,familiar,cabinet,1,2.582485978855782,adult
13,shapenet1460,familiar,telephone,1,1.0021561073102803,adult
13,shapenet1413,familiar,bench,1,2.0745138096664153,adult
13,shapenet469,familiar,loudspeaker,1,1.5359432398520816,adult
13,shapenet1451,familiar,display,0,3.170240480818529,adult
13,shapenet697,familiar,chair,1,0.9618403100085369,adult
13,shapenet1312,familiar,chair,1,1.9912472377986608,adult
13,shapenet1285,familiar,cabinet,1,2.21133438710907,adult
13,shapenet782,familiar,chair,1,1.5627307880683936,adult
13,shapenet708,familiar,bench,1,1.99043506971131,adult
13,shapegen1507,novel,abstract4,1,1.675829980419067,adult
13,shapegen1554,novel,abstract4,1,2.2031300683164443,adult
13,shapegen2205,novel,abstract4,0,2.4536185982356895,adult
13,shapegen2260,novel,abstract4,1,1.6417380535761585,adult
13,shapegen2267,novel,abstract4,1,1.9608942330806916,adult
13,shapegen2132,novel,abstract4,1,0.8323600207002175,adult
13,shapegen2249,novel,abstract4,1,0.9674619290619323,adult
13,shapegen2326,novel,abstract4,0,1.7322932334712495,adult
14,training_00,training,chair_vs_loudspeaker,1,2.2531261119149057,adult
14,training_01,training,chair_vs_loudspeaker,1,2.4527980174615363,adult
14,training_02,training,chair_vs_abstract4,1,1.2304733705380462,adult
14,training_03,training,lamp_vs_chair,1,0.8116819658764628,adult
14,training_04,training,lamp_vs_loudspeaker,1,0.7828750285515574,adult
14,training_05,training,lamp_vs_abstract4,1,2.870672516992724,adult
14,shapenet1357,warmup,chair,0,2.3966057648403645,adult
14,shapenet942,warmup,chair,1,1.457974878679842,adult
14,shapenet1263,warmup,chair,1,1.6543305499506311,adult
14,shapenet431,warmup,lamp,1,1.4430695228539008,adult
14,shapenet1477,warmup,lamp,1,2.00868332256137,adult
14,shapenet1053,warmup,lamp,1,1.5793090343691214,adult
14,shapenet1147,warmup,bench,1,2.2000401777432192,adult
14,shapenet886,warmup,bench,1,2.2147658024443877,adult
14,shapenet1082,familiar,lamp,1,1.2029773654479146,adult
14,shapenet1392,familiar,telephone,1,2.128092768884786,adult
14,shapenet904,familiar,loudspeaker,1,3.228140797399103,adult
14,shapenet950,familiar,cabinet,1,2.295378208758513,adult
14,shapenet1460,familiar,telephone,1,2.178214803564323,adult
14,shapenet1413,familiar,bench,1,1.3085711137107685,adult
14,shapenet469,familiar,loudspeaker,1,1.3183632275185666,adult
14,shapenet1451,familiar,display,1,1.8282066386776126,adult
14,shapenet697,familiar,chair,1,1.3829146066132285,adult
14,shapenet1312,familiar,chair,1,2.880183703720006,adult
14,shapenet1285,familiar,cabinet,1,1.702163137805413,adult
14,shapenet782,familiar,chair,1,1.3499853102242578,adult
14,shapenet708,familiar,bench,1,2.9164008101185885,adult
14,shapegen1507,novel,abstract4,1,1.2715477611130757,adult
14,shapegen1554,novel,abstract4,1,2.057493005437724,adult
14,shapegen2205,novel,abstract4,1,1.6086829003519638,adult
14,shapegen2260,novel,abstract4,1,6.1305208918531395,adult
14,shapegen2267,novel,abstract4,1,2.0589507398737044,adult
14,shapegen2132,novel,abstract4,1,1.4021748466283055,adult
14,shapegen2249,novel,abstract4,1,2.1155503652828833,adult
14,shapegen2326,novel,abstract4,1,1.919015911425287,adult
15,training_00,training,chair_vs_loudspeaker,1,1.8145980575891871,adult
15,training_01,training,chair_vs_loudspeaker,1,1.5395104138632858,adult
15,training_02,training,chair_vs_abstract4,1,0.9494611248998465,adult
15,training_03,training,lamp_vs_chair,1,3.073680660241485,adult
15,training_04,training,lamp_vs_loudspeaker,1,1.5976779241051065,adult
15,training_05,training,lamp_vs_abstract4,1,1.0478351002370334,adult
15,shapenet1357,warmup,chair,1,2.611848272372834,adult
15,shapenet942,warmup,chair,1,1.6846261066903438,adult
15,shapenet1263,warmup,chair,1,2.4536313017006193,adult
15,shapenet431,warmup,lamp,1,1.9167063330031229,adult
15,shapenet1477,warmup,lamp,1,4.272212274407044,adult
15,shapenet1053,warmup,lamp,1,1.005811137685814,adult
15,shapenet1147,warmup,bench,1,1.260892019351489,adult
15,shapenet886,warmup,bench,1,6.0754635298157424,adult
15,shapenet1082,familiar,lamp,1,1.7617058342130303,adult
15,shapenet1392,familiar,telephone,1,1.1076529557112116,adult
15,shapenet904,familiar,loudspeaker,1,2.371897804812694,adult
15,shapenet950,familiar,cabinet,1,3.0063788588228,adult
15,shapenet1460,familiar,telephone,1,1.7505596355128565,adult
15,shapenet1413,familiar,bench,1,0.7951825117734613,adult
15,shapenet469,familiar,loudspeaker,1,1.2263536274175408,adult
15,shapenet1451,familiar,display,0,0.911150205047957,adult
15,shapenet697,familiar,chair,1,4.529208806139856,adult
15,shapenet1312,familiar,chair,1,0.8824413470735525,adult
15,shapenet1285,familiar,cabinet,1,1.4219366501636115,adult
15,shapenet782,familiar,chair,1,2.338600148881991,adult
15,shapenet708,familiar,bench,1,1.0466052868692521,adult
15,shapegen1507,novel,abstract4,1,2.4920343157221514,adult
15,shapegen1554,novel,abstract4,1,1.5278221152198117,adult
15,shapegen2205,novel,abstract4,1,2.406270289782722,adult
15,shapegen2260,novel,abstract4,1,1.824301917986328,adult
15,shapegen2267,novel,abstract4,1,1.938354106971143,adult
15,shapegen2132,novel,abstract4,1,3.3549892731876567,adult
15,shapegen2249,novel,abstract4,1,1.2365957880527538,adult
15,shapegen2326,novel,abstract4,1,2.401319547451807,adult
16,training_00,training,chair_vs_loudspeaker,1,0.6752517511530258,adult
16,training_01,training,chair_vs_loudspeaker,1,1.2031059601309027,adult
16,training_02,training,chair_vs_abstract4,1,0.5297573616561749,adult
16,training_03,training,lamp_vs_chair,1,1.524799538505552,adult
16,training_04,training,lamp_vs_loudspeaker,1,1.821209051382156,adult
16,training_05,training,lamp_vs_abstract4,1,0.7269383162758406,adult
16,shapenet1357,warmup,chair,1,2.3424307768883788,adult
16,shapenet942,warmup,chair,1,2.7735526427268526,adult
16,shapenet1263,warmup,chair,1,1.8836260312898299,adult
16,shapenet431,warmup,lamp,1,2.8703556903736156,adult
16,shapenet1477,warmup,lamp,1,1.381137283695699,adult
16,shapenet1053,warmup,lamp,1,1.248667493761897,adult
16,shapenet1147,warmup,bench,1,1.5084632863963265,adult
16,shapenet886,warmup,bench,1,1.004283086514335,adult
16,shapenet1082,familiar,lamp,1,1.4117385800574223,adult
16,shapenet1392,familiar,telephone,1,1.8477096780577644,adult
16,shapenet904,familiar,loudspeaker,0,1.9590697412261875,adult
16,shapenet950,familiar,cabinet,1,2.255578030539544,adult
16,shapenet1460,familiar,telephone,1,0.7148747574530963,adult
16,shapenet1413,familiar,bench,1,6.901607481795067,adult
16,shapenet469,familiar,loudspeaker,1,1.2061759847892475,adult
16,shapenet1451,familiar,display,1,2.458831515500585,adult
16,shapenet697,familiar,chair,1,2.0838594731105418,adult
16,shapenet1312,familiar,chair,1,1.372926344685584,adult
16,shapenet1285,familiar,cabinet,1,2.3537569265252354,adult
16,shapenet782,familiar,chair,1,1.217797207697819,adult
16,shapenet708,familiar,bench,1,1.8146019558863393,adult
16,shapegen1507,novel,abstract4,1,5.12382465926246,adult
16,shapegen1554,novel,abstract4,1,1.699533023534408,adult
16,shapegen2205,novel,abstract4,1,2.144147923196897,adult
16,shapegen2260,novel,abstract4,1,1.2812942053337042,adult
16,shapegen2267,novel,abstract4,1,2.8099072512751953,adult
16,shapegen2132,novel,abstract4,1,1.4698129512188636,adult
16,shapegen2249,novel,abstract4,1,2.3770272148791136,adult
16,shapegen2326,novel,abstract4,0,3.269647077414273,adult
17,training_00,training,chair_vs_loudspeaker,1,1.6679163210288601,adult
17,training_01,training,chair_vs_loudspeaker,1,2.1784176338121264,adult
17,training_02,training,chair_vs_abstract4,1,1.7576230160339879,adult
17,training_03,training,lamp_vs_chair,1,2.42996082911526,adult
17,training_04,training,lamp_vs_loudspeaker,1,1.2090739469809146,adult
17,training_05,training,lamp_vs_abstract4,1,0.7651943211792834,adult
17,shapenet1357,warmup,chair,1,0.7636240494732686,adult
17,shapenet942,warmup,chair,1,0.7955484314607908,adult
17,shapenet1263,warmup,chair,1,1.395722825748522,adult
17,shapenet431,warmup,lamp,1,1.7269655236207275,adult
17,shapenet1477,warmup,lamp,1,1.1676013150752285,adult
17,shapenet1053,warmup,lamp,1,0.5815319011764946,adult
17,shapenet1147,warmup,bench,1,1.1766331301567727,adult
17,shapenet886,warmup,bench,1,1.3042050595882468,adult
17,shapenet1082,familiar,lamp,1,1.8235673111745325,adult
17,shapenet1392,familiar,telephone,1,3.5260867334649997,adult
17,shapenet904,familiar,loudspeaker,1,0.8097207274996034,adult
17,shapenet950,familiar,cabinet,1,2.4986571700908233,adult
17,shapenet1460,familiar,telephone,1,2.3838729905154237,adult
17,shapenet1413,familiar,bench,1,1.6422331821816063,adult
17,shapenet469,familiar,loudspeaker,1,2.195047332303158,adult
17,shapenet1451,familiar,display,1,1.6900566720292896,adult
17,shapenet697,familiar,chair,1,2.359969147878221,adult
17,shapenet1312,familiar,chair,1,1.2435968849110601,adult
17,shapenet1285,familiar,cabinet,1,1.1815687476891092,adult
17,shapenet782,familiar,chair,1,0.7782707163514716,adult
17,shapenet708,familiar,bench,1,2.199748358347697,adult
17,shapegen1507,novel,abstract4,1,1.5854563587098114,adult
17,shapegen1554,novel,abstract4,1,1.0184711412222698,adult
17,shapegen2205,novel,abstract4,1,1.3447768238623992,adult
17,shapegen2260,novel,abstract4,1,2.665348130644938,adult
17,shapegen2267,novel,abstract4,1,2.23576217283907,adult
17,shapegen2132,novel,abstract4,1,1.3642642491933634,adult
17,shapegen2249,novel,abstract4,0,3.9008891334619227,adult
17,shapegen2326,novel,abstract4,1,2.0108409519926553,adult
18,training_00,training,chair_vs_loudspeaker,1,1.1968712794766934,adult
18,training_01,training,chair_vs_loudspeaker,1,1.6290893815690726,adult
18,training_02,training,chair_vs_abstract4,1,2.281250089237866,adult
18,training_03,training,lamp_vs_chair,1,1.1877703462729183,adult
18,training_04,training,lamp_vs_loudspeaker,1,1.9035280841118376,adult
18,training_05,training,lamp_vs_abstract4,1,0.9921414851166203,adult
18,shapenet1357,warmup,chair,1,3.6284715545731085,adult
18,shapenet942,warmup,chair,1,1.102208988708171,adult
18,shapenet1263,warmup,chair,1,4.350177558686985,adult
18,shapenet431,warmup,lamp,1,0.9166626162887648,adult
18,shapenet1477,warmup,lamp,1,1.3643187101486594,adult
18,shapenet1053,warmup,lamp,1,1.9622576143419939,adult
18,shapenet1147,warmup,bench,1,2.776154304175793,adult
18,shapenet886,warmup,bench,1,3.321883968184777,adult
18,shapenet1082,familiar,lamp,1,3.5485451164856205,adult
18,shapenet1392,familiar,telephone,1,0.8618928234253926,adult
18,shapenet904,familiar,loudspeaker,0,2.217342458630517,adult
18,shapenet950,familiar,cabinet,1,1.2998238564178068,adult
18,shapenet1460,familiar,telephone,1,2.8551898854291644,adult
18,shapenet1413,familiar,bench,0,3.024021847635579,adult
18,shapenet469,familiar,loudspeaker,1,2.108494063451988,adult
18,shapenet1451,familiar,display,1,1.4468645188303044,adult
18,shapenet697,familiar,chair,1,1.1212172150771997,adult
18,shapenet1312,familiar,chair,1,1.3360014901273998,adult
18,shapenet1285,familiar,cabinet,1,1.307605197078406,adult
18,shapenet782,familiar,chair,1,1.867913473929149,adult
18,shapenet708,familiar,bench,1,2.9263147969419294,adult
18,shapegen1507,novel,abstract4,1,2.184118026643764,adult
18,shapegen1554,novel,abstract4,1,1.227152479434481,adult
18,shapegen2205,novel,abstract4,1,1.1939978904029855,adult
18,shapegen2260,novel,abstract4,0,2.843731075889792,adult
18,shapegen2267,novel,abstract4,1,4.994374457852039,adult
18,shapegen2132,novel,abstract4,1,2.1722490668735426,adult
18,shapegen2249,novel,abstract4,0,1.531072724411058,adult
18,shapegen2326,novel,abstract4,1,1.3318331730631692,adult
19,training_00,training,chair_vs_loudspeaker,1,0.9054948049327407,adult
19,training_01,training,chair_vs_loudspeaker,1,1.0695367428919658,adult
19,training_02,training,chair_vs_abstract4,1,0.722000020245284,adult
19,training_03,training,lamp_vs_chair,0,1.4054158532262933,adult
19,training_04,training,lamp_vs_loudspeaker,1,1.9319307290536154,adult
19,training_05,training,lamp_vs_abstract4,1,0.970789172334365,adult
19,shapenet1357,warmup,chair,1,1.7707582920064515,adult
19,shapenet942,warmup,chair,1,2.007087868839287,adult
19,shapenet1263,warmup,chair,1,2.079405033561495,adult
19,shapenet431,warmup,lamp,1,0.9883051002733892,adult
19,shapenet1477,warmup,lamp,1,1.072098436409463,adult
19,shapenet1053,warmup,lamp,1,1.6640219129269975,adult
19,shapenet1147,warmup,bench,1,2.200410060388386,adult
19,shapenet886,warmup,bench,1,4.221067476974399,adult
19,shapenet1082,familiar,lamp,1,1.1058471715652192,adult
19,shapenet1392,familiar,telephone,1,2.060303104292381,adult
19,shapenet904,familiar,loudspeaker,1,1.8387166289416579,adult
19,shapenet950,familiar,cabinet,1,1.510440497985858,adult
19,shapenet1460,familiar,telephone,1,3.1099349447248392,adult
19,shapenet1413,familiar,bench,1,2.376346025289376,adult
19,shapenet469,familiar,loudspeaker,1,2.4098943842932727,adult
19,shapenet1451,familiar,display,1,1.0781049325010144,adult
19,shapenet697,familiar,chair,1,1.5697374029360005,adult
19,shapenet1312,familiar,chair,1,1.8823230682741006,adult
19,shapenet1285,familiar,cabinet,1,1.9867285224564137,adult
19,shapenet782,familiar,chair,1,5.5787264063753375,adult
19,shapenet708,familiar,bench,1,1.607535793820777,adult
19,shapegen1507,novel,abstract4,1,0.6675069402337226,adult
19,shapegen1554,novel,abstract4,1,2.1407333298284024,adult
19,shapegen2205,novel,abstract4,1,2.6139404802933153,adult
19,shapegen2260,novel,abstract4,1,2.131152007301452,adult
19,shapegen2267,novel,abstract4,1,0.5670237161956929,adult
19,shapegen2132,novel,abstract4,1,2.3734369276011087,adult
19,shapegen2249,novel,abstract4,1,2.6522772589401913,adult
19,shapegen2326,novel,abstract4,1,1.167942337032755,adult
0,training_00,training,chair_vs_loudspeaker,1,1.7148925973205975,4yo
0,training_01,training,chair_vs_loudspeaker,1,1.8368892119641718,4yo
0,training_02,training,chair_vs_abstract4,1,2.532216198250847,4yo
0,training_03,training,lamp_vs_chair,1,1.6659985884749897,4yo
0,training_04,training,lamp_vs_loudspeaker,1,1.108001712228695,4yo
0,training_05,training,lamp_vs_abstract4,1,3.3320521575093314,4yo
0,shapenet1357,warmup,chair,1,1.6253507961341234,4yo
0,shapenet942,warmup,chair,0,2.3666589285049584,4yo
0,shapenet1263,warmup,chair,1,2.069512128259811,4yo
0,shapenet431,warmup,lamp,1,1.5350187725648223,4yo
0,shapenet1477,warmup,lamp,0,3.860902731523501,4yo
0,shapenet1053,warmup,lamp,1,3.6637995061736865,4yo
0,shapenet1147,warmup,bench,1,2.179961644061528,4yo
0,shapenet886,warmup,bench,1,2.5822846673942994,4yo
0,shapenet1082,familiar,lamp,0,3.1400977217009216,4yo
0,shapenet1392,familiar,telephone,1,1.8073998124414363,4yo
0,shapenet904,familiar,loudspeaker,1,1.9115713162973291,4yo
0,shapenet950,familiar,cabinet,1,2.9486600259953275,4yo
0,shapenet1460,familiar,telephone,1,1.7478673850742399,4yo
0,shapenet1413,familiar,bench,1,2.936544519811456,4yo
0,shapenet469,familiar,loudspeaker,0,1.06083861558165,4yo
0,shapenet1451,familiar,display,1,2.4474527635197383,4yo
0,shapenet697,familiar,chair,1,3.3989747399022754,4yo
0,shapenet1312,familiar,chair,0,3.282041460913,4yo
0,shapenet1285,familiar,cabinet,0,4.999411932138858,4yo
0,shapenet782,familiar,chair,1,1.8056187357200464,4yo
0,shapenet708,familiar,bench,1,2.8734666442689485,4yo
0,shapegen1507,novel,abstract4,0,5.1165635437132435,4yo
0,shapegen1554,novel,abstract4,0,3.8279153485666546,4yo
0,shapegen2205,novel,abstract4,0,4.843561869750517,4yo
0,shapegen2260,novel,abstract4,1,1.9774243149213702,4yo
0,shapegen2267,novel,abstract4,0,3.476701981954946,4yo
0,shapegen2132,novel,abstract4,0,3.0490602299865723,4yo
0,shapegen2249,novel,abstract4,1,3.5197676765048582,4yo
0,shapegen2326,novel,abstract4,0,2.3555022622038004,4yo
1,training_00,training,chair_vs_loudspeaker,1,1.6444238669141387,4yo
1,training_01,training,chair_vs_loudspeaker,1,2.5096344429489013,4yo
1,training_02,training,chair_vs_abstract4,1,1.6071441933221657,4yo
1,training_03,training,lamp_vs_chair,1,2.904326468372376,4yo
1,training_04,training,lamp_vs_loudspeaker,1,3.986900110848025,4yo
1,training_05,training,lamp_vs_abstract4,1,2.5080945427987658,4yo
1,shapenet1357,warmup,chair,0,1.7142609634294514,4yo
1,shapenet942,warmup,chair,1,1.9997063754863174,4yo
1,shapenet1263,warmup,chair,0,2.645546917743595,4yo
1,shapenet431,warmup,lamp,0,5.005512752461208,4yo
1,shapenet1477,warmup,lamp,0,5.84264528348606,4yo
1,shapenet1053,warmup,lamp,0,1.7706204190742865,4yo
1,shapenet1147,warmup,bench,1,3.0561491484470924,4yo
1,shapenet886,warmup,bench,0,1.9894577824473008,4yo
1,shapenet1082,familiar,lamp,1,1.679824685898344,4yo
1,shapenet1392,familiar,telephone,1,3.8807271473723124,4yo
1,shapenet904,familiar,loudspeaker,1,3.1954824684053085,4yo
1,shapenet950,familiar,cabinet,1,3.287032332436159,4yo
1,shapenet1460,familiar,telephone,0,2.7765801413562463,4yo
1,shapenet1413,familiar,bench,1,3.4285250845807966,4yo
1,shapenet469,familiar,loudspeaker,0,3.37005041205391,4yo
1,shapenet1451,familiar,display,0,4.3587120132501616,4yo
1,shapenet697,familiar,chair,1,2.0732822451484276,4yo
1,shapenet1312,familiar,chair,0,4.459973764214208,4yo
1,shapenet1285,familiar,cabinet,0,4.161083314336887,4yo
1,shapenet782,familiar,chair,1,3.462867452275396,4yo
1,shapenet708,familiar,bench,0,3.0310637583599123,4yo
1,shapegen1507,novel,abstract4,1,3.2394657426990636,4yo
1,shapegen1554,novel,abstract4,0,3.25184896578642,4yo
1,shapegen2205,novel,abstract4,0,3.4266777031401836,4yo
1,shapegen2260,novel,abstract4,0,1.7272049110658845,4yo
1,shapegen2267,novel,abstract4,0,9.516815132698742,4yo
1,shapegen2132,novel,abstract4,0,5.4839222713884785,4yo
1,shapegen2249,novel,abstract4,1,7.636920701529959,4yo
1,shapegen2326,novel,abstract4,0,4.474849389132499,4yo
2,training_00,training,chair_vs_loudspeaker,1,3.2084791749262322,4yo
2,training_01,training,chair_vs_loudspeaker,0,1.4564057995260227,4yo
2,training_02,training,chair_vs_abstract4,1,3.945535271986979,4yo
2,training_03,training,lamp_vs_chair,1,1.8270947427204094,4yo
2,training_04,training,lamp_vs_loudspeaker,1,3.055426824917425,4yo
2,training_05,training,lamp_vs_abstract4,1,4.237270393041784,4yo
2,shapenet1357,warmup,chair,1,2.9464581566552632,4yo
2,shapenet942,warmup,chair,1,5.003692977335097,4yo
2,shapenet1263,warmup,chair,0,1.354017353071259,4yo
2,shapenet431,warmup,lamp,1,1.5803917565280097,4yo
2,shapenet1477,warmup,lamp,1,1.7999843763400905,4yo
2,shapenet1053,warmup,lamp,1,1.0132440989023346,4yo
2,shapenet1147,warmup,bench,0,1.210494925255479,4yo
2,shapenet886,warmup,bench,1,5.009066332784236,4yo
2,shapenet1082,familiar,lamp,0,5.054203399170353,4yo
2,shapenet1392,familiar,telephone,1,2.310408561065129,4yo
2,shapenet904,familiar,loudspeaker,1,8.098562468962575,4yo
2,shapenet950,familiar,cabinet,1,2.617096861034876,4yo
2,shapenet1460,familiar,telephone,1,6.909279797036227,4yo
2,shapenet1413,familiar,bench,0,6.988388444862607,4yo
2,shapenet469,familiar,loudspeaker,0,2.257184163922774,4yo
2,shapenet1451,familiar,display,0,4.339703078091872,4yo
2,shapenet697,familiar,chair,1,4.9403160723839346,4yo
2,shapenet1312,familiar,chair,0,2.2324594659815324,4yo
2,shapenet1285,familiar,cabinet,0,0.8582757013126384,4yo
2,shapenet782,familiar,chair,1,4.28746168168525,4yo
2,shapenet708,familiar,bench,1,2.045835197124932,4yo
2,shapegen1507,novel,abstract4,1,3.180429995814741,4yo
2,shapegen1554,novel,abstract4,0,3.6814519860572057,4yo
2,shapegen2205,novel,abstract4,1,4.38161264003353,4yo
2,shapegen2260,novel,abstract4,0,2.887959581031447,4yo
2,shapegen2267,novel,abstract4,1,3.8023680633608437,4yo
2,shapegen2132,novel,abstract4,0,5.796558195775939,4yo
2,shapegen2249,novel,abstract4,0,1.4134911924085998,4yo
2,shapegen2326,novel,abstract4,1,1.7914129846452753,4yo
3,training_00,training,chair_vs_loudspeaker,0,0.9971987319205131,4yo
3,training_01,training,chair_vs_loudspeaker,1,3.5177665723780773,4yo
3,training_02,training,chair_vs_abstract4,1,2.0243874717940984,4yo
3,training_03,training,lamp_vs_chair,1,2.026970962085344,4yo
3,training_04,training,lamp_vs_loudspeaker,1,4.131817641636208,4yo
3,training_05,training,lamp_vs_abstract4,1,2.424320755337153,4yo
3,shapenet1357,warmup,chair,1,2.1928610828079784,4yo
3,shapenet942,warmup,chair,1,3.8984969801081752,4yo
3,shapenet1263,warmup,chair,1,3.690125907648022,4yo
3,shapenet431,warmup,lamp,1,3.106201829490154,4yo
3,shapenet1477,warmup,lamp,1,2.0086531550008466,4yo
3,shapenet1053,warmup,lamp,0,1.675551848738704,4yo
3,shapenet1147,warmup,bench,1,1.7400368955084486,4yo
3,shapenet886,warmup,bench,0,1.7813736875198822,4yo
3,shapenet1082,familiar,lamp,0,1.973877341453069,4yo
3,shapenet1392,familiar,telephone,1,2.359708921084578,4yo
3,shapenet904,familiar,loudspeaker,1,2.9711960886268756,4yo
3,shapenet950,familiar,cabinet,0,3.129938378139442,4yo
3,shapenet1460,familiar,telephone,1,1.7973466809002405,4yo
3,shapenet1413,familiar,bench,1,3.3416283142138736,4yo
3,shapenet469,familiar,loudspeaker,1,3.1098433758642745,4yo
3,shapenet1451,familiar,display,0,2.8461756223274848,4yo
3,shapenet697,familiar,chair,1,2.278387289868882,4yo
3,shapenet1312,familiar,chair,0,1.8141074879930212,4yo
3,shapenet1285,familiar,cabinet,1,3.8591554732571276,4yo
3,shapenet782,familiar,chair,1,3.0995917480901953,4yo
3,shapenet708,familiar,bench,1,3.4967401184485403,4yo
3,shapegen1507,novel,abstract4,1,2.7894236764033056,4yo
3,shapegen1554,novel,abstract4,1,2.648649705506528,4yo
3,shapegen2205,novel,abstract4,0,5.342807493079206,4yo
3,shapegen2260,novel,abstract4,1,11.204413543361472,4yo
3,shapegen2267,novel,abstract4,0,2.9590910735358,4yo
3,shapegen2132,novel,abstract4,0,3.6197960721997724,4yo
3,shapegen2249,novel,abstract4,0,3.2566016279088323,4yo
3,shapegen2326,novel,abstract4,0,2.32755438378907,4yo
4,training_00,training,chair_vs_loudspeaker,1,1.6050428738952645,4yo
4,training_01,training,chair_vs_loudspeaker,1,2.2845956815641775,4yo
4,training_02,training,chair_vs_abstract4,1,1.6515830107474794,4yo
4,training_03,training,lamp_vs_chair,1,2.152211032828068,4yo
4,training_04,training,lamp_vs_loudspeaker,1,1.6062902782182602,4yo
4,training_05,training,lamp_vs_abstract4,1,1.7564527494045494,4yo
4,shapenet1357,warmup,chair,1,1.356291084240476,4yo
4,shapenet942,warmup,chair,0,2.713552421572094,4yo
4,shapenet1263,warmup,chair,0,2.2106761371177024,4yo
4,shapenet431,warmup,lamp,1,3.272808289400438,4yo
4,shapenet1477,warmup,lamp,0,2.5295512198988552,4yo
4,shapenet1053,warmup,lamp,0,1.867078935203508,4yo
4,shapenet1147,warmup,bench,1,1.6777614109894403,4yo
4,shapenet886,warmup,bench,1,2.5936927323645174,4yo
4,shapenet1082,familiar,lamp,0,5.389950443702775,4yo
4,shapenet1392,familiar,telephone,0,2.31546223922299,4yo
4,shapenet904,familiar,loudspeaker,1,1.3118358726419288,4yo
4,shapenet950,familiar,cabinet,0,3.272540842300822,4yo
4,shapenet1460,familiar,telephone,1,5.103563228466272,4yo
4,shapenet1413,familiar,bench,1,3.806872621273341,4yo
4,shapenet469,familiar,loudspeaker,0,1.7274940153444625,4yo
4,shapenet1451,familiar,display,0,3.1526643957084612,4yo
4,shapenet697,familiar,chair,0,4.351352385598377,4yo
4,shapenet1312,familiar,chair,0,2.466458529949294,4yo
4,shapenet1285,familiar,cabinet,1,2.338115025003404,4yo
4,shapenet782,familiar,chair,0,2.370736593804743,4yo
4,shapenet708,familiar,bench,0,2.7332338932017395,4yo
4,shapegen1507,novel,abstract4,0,2.002588216194015,4yo
4,shapegen1554,novel,abstract4,1,3.68422482237608,4yo
4,shapegen2205,novel,abstract4,0,3.767579946901806,4yo
4,shapegen2260,novel,abstract4,0,3.8081782671015114,4yo
4,shapegen2267,novel,abstract4,0,3.312203371982567,4yo
4,shapegen2132,novel,abstract4,0,1.979453175203926,4yo
4,shapegen2249,novel,abstract4,1,3.013229223901497,4yo
4,shapegen2326,novel,abstract4,0,7.573769345781257,4yo
5,training_00,training,chair_vs_loudspeaker,1,1.8852636599379815,4yo
5,training_01,training,chair_vs_loudspeaker,1,4.98551539376501,4yo
5,training_02,training,chair_vs_abstract4,1,2.5878976931561892,4yo
5,training_03,training,lamp_vs_chair,1,2.051483022810149,4yo
5,training_04,training,lamp_vs_loudspeaker,1,3.977601415996583,4yo
5,training_05,training,lamp_vs_abstract4,1,1.7660217870314336,4yo
5,shapenet1357,warmup,chair,1,4.064217743825823,4yo
5,shapenet942,warmup,chair,1,2.016036178329091,4yo
5,shapenet1263,warmup,chair,1,2.161262514572781,4yo
5,shapenet431,warmup,lamp,1,3.666096383665555,4yo
5,shapenet1477,warmup,lamp,1,4.577662174409989,4yo
5,shapenet1053,warmup,lamp,1,2.4822142495702146,4yo
5,shapenet1147,warmup,bench,0,4.512363174247885,4yo
5,shapenet886,warmup,bench,1,3.0743916250412417,4yo
5,shapenet1082,familiar,lamp,1,2.095398062080667,4yo
5,shapenet1392,familiar,telephone,0,2.4951362885229167,4yo
5,shapenet904,familiar,loudspeaker,0,3.785554942315916,4yo
5,shapenet950,familiar,cabinet,1,5.553415619153417,4yo
5,shapenet1460,familiar,telephone,1,4.715802428269846,4yo
5,shapenet1413,familiar,bench,1,4.750170737873249,4yo
5,shapenet469,familiar,loudspeaker,0,1.6532390204064864,4yo
5,shapenet1451,familiar,display,0,4.14083787098256,4yo
5,shapenet697,familiar,chair,0,4.037520391814719,4yo
5,shapenet1312,familiar,chair,1,3.380377516368012,4yo
5,shapenet1285,familiar,cabinet,1,4.006608778316967,4yo
5,shapenet782,familiar,chair,1,1.3882973080672936,4yo
5,shapenet708,familiar,bench,0,1.0731812239328955,4yo
5,shapegen1507,novel,abstract4,0,3.7874663106355073,4yo
5,shapegen1554,novel,abstract4,1,3.284863112905904,4yo
5,shapegen2205,novel,abstract4,1,3.058847780661728,4yo
5,shapegen2260,novel,abstract4,0,4.086274685754989,4yo
5,shapegen2267,novel,abstract4,1,3.691616635585797,4yo
5,shapegen2132,novel,abstract4,0,3.8982060007399433,4yo
5,shapegen2249,novel,abstract4,1,5.0418543882710525,4yo
5,shapegen2326,novel,abstract4,1,2.6666840314924194,4yo
6,training_00,training,chair_vs_loudspeaker,1,0.9461562940493882,4yo
6,training_01,training,chair_vs_loudspeaker,1,1.9341581475561225,4yo
6,training_02,training,chair_vs_abstract4,1,3.5450146188819365,4yo
6,training_03,training,lamp_vs_chair,1,1.498125209263788,4yo
6,training_04,training,lamp_vs_loudspeaker,1,2.6797763743719667,4yo
6,training_05,training,lamp_vs_abstract4,1,3.312170076116538,4yo
6,shapenet1357,warmup,chair,0,3.618098273656901,4yo
6,shapenet942,warmup,chair,1,1.9412116785162763,4yo
6,shapenet1263,warmup,chair,1,1.8688193294202675,4yo
6,shapenet431,warmup,lamp,0,2.6425384022160987,4yo
6,shapenet1477,warmup,lamp,1,2.929499040030045,4yo
6,shapenet1053,warmup,lamp,0,3.4707828918544137,4yo
6,shapenet1147,warmup,bench,0,3.4885594047509834,4yo
6,shapenet886,warmup,bench,1,8.71374713990894,4yo
6,shapenet1082,familiar,lamp,1,5.804297613535832,4yo
6,shapenet1392,familiar,telephone,1,2.5519748329023386,4yo
6,shapenet904,familiar,loudspeaker,0,7.710742357396765,4yo
6,shapenet950,familiar,cabinet,0,1.8119414508828207,4yo
6,shapenet1460,familiar,telephone,1,1.894177850997216,4yo
6,shapenet1413,familiar,bench,1,4.252746446857122,4yo
6,shapenet469,familiar,loudspeaker,1,2.6639468967328295,4yo
6,shapenet1451,familiar,display,0,1.0141330572192764,4yo
6,shapenet697,familiar,chair,0,5.817431989406353,4yo
6,shapenet1312,familiar,chair,1,3.936484365640681,4yo
6,shapenet1285,familiar,cabinet,0,2.8513280380271766,4yo
6,shapenet782,familiar,chair,1,2.7519586501588824,4yo
6,shapenet708,familiar,bench,1,2.707933519954892,4yo
6,shapegen1507,novel,abstract4,1,1.3328787577031767,4yo
6,shapegen1554,novel,abstract4,0,2.260138351989956,4yo
6,shapegen2205,novel,abstract4,0,2.5008761283496295,4yo
6,shapegen2260,novel,abstract4,1,5.506292459823565,4yo
6,shapegen2267,novel,abstract4,0,2.6064448527529502,4yo
6,shapegen2132,novel,abstract4,0,4.0055605198184425,4yo
6,shapegen2249,novel,abstract4,1,3.116327747107105,4yo
6,shapegen2326,novel,abstract4,1,2.2684041233038235,4yo
7,training_00,training,chair_vs_loudspeaker,1,2.23129639014713,4yo
7,training_01,training,chair_vs_loudspeaker,0,1.8466850779278696,4yo
7,training_02,training,chair_vs_abstract4,1,1.6473846469945392,4yo
7,training_03,training,lamp_vs_chair,1,3.2126613855549127,4yo
7,training_04,training,lamp_vs_loudspeaker,1,2.0366927009394513,4yo
7,training_05,training,lamp_vs_abstract4,1,3.3452919648734585,4yo
7,shapenet1357,warmup,chair,0,2.0369302607004593,4yo
7,shapenet942,warmup,chair,0,2.7751419363464773,4yo
7,shapenet1263,warmup,chair,1,1.971636001464205,4yo
7,shapenet431,warmup,lamp,1,1.7877881718696638,4yo
7,shapenet1477,warmup,lamp,1,0.9621289596962935,4yo
7,shapenet1053,warmup,lamp,1,5.155895251638419,4yo
7,shapenet1147,warmup,bench,1,2.084626270841395,4yo
7,shapenet886,warmup,bench,1,3.273557408172741,4yo
7,shapenet1082,familiar,lamp,0,2.7719046470354862,4yo
7,shapenet1392,familiar,telephone,0,5.0761453528762015,4yo
7,shapenet904,familiar,loudspeaker,1,1.3702330010863535,4yo
7,shapenet950,familiar,cabinet,0,3.2814953197022776,4yo
7,shapenet1460,familiar,telephone,0,4.207193328078065,4yo
7,shapenet1413,familiar,bench,0,3.0695511304552605,4yo
7,shapenet469,familiar,loudspeaker,1,2.1385338862783185,4yo
7,shapenet1451,familiar,display,1,1.3931669880282047,4yo
7,shapenet697,familiar,chair,1,2.2361757323965334,4yo
7,shapenet1312,familiar,chair,1,1.2380626584980063,4yo
7,shapenet1285,familiar,cabinet,0,4.157714813786563,4yo
7,shapenet782,familiar,chair,0,3.6958616254266743,4yo
7,shapenet708,familiar,bench,1,4.374508054986609,4yo
7,shapegen1507,novel,abstract4,0,2.2103323571080784,4yo
7,shapegen1554,novel,abstract4,0,2.065374914714661,4yo
7,shapegen2205,novel,abstract4,0,4.286653998896815,4yo
7,shapegen2260,novel,abstract4,0,4.211366116188038,4yo
7,shapegen2267,novel,abstract4,0,1.4906125481179089,4yo
7,shapegen2132,novel,abstract4,0,2.4742606824585693,4yo
7,shapegen2249,novel,abstract4,1,6.899277053738953,4yo
7,shapegen2326,novel,abstract4,0,4.800311140512193,4yo
8,training_00,training,chair_vs_loudspeaker,1,1.4319119811248162,4yo
8,training_01,training,chair_vs_loudspeaker,1,1.8210659737813473,4yo
8,training_02,training,chair_vs_abstract4,1,1.1703369834150177,4yo
8,training_03,training,lamp_vs_chair,1,3.8151687599781807,4yo
8,training_04,training,lamp_vs_loudspeaker,1,3.6423481813405543,4yo
8,training_05,training,lamp_vs_abstract4,1,1.2975264624603278,4yo
8,shapenet1357,warmup,chair,1,6.089926284670136,4yo
8,shapenet942,warmup,chair,1,2.1118582278676756,4yo
8,shapenet1263,warmup,chair,1,2.6064342320863654,4yo
8,shapenet431,warmup,lamp,0,2.098964391837322,4yo
8,shapenet1477,warmup,lamp,1,1.5862075523071348,4yo
8,shapenet1053,warmup,lamp,1,2.209345554242711,4yo
8,shapenet1147,warmup,bench,1,1.1546644764914418,4yo
8,shapenet886,warmup,bench,0,2.216140495067312,4yo
8,shapenet1082,familiar,lamp,1,2.866890679328128,4yo
8,shapenet1392,familiar,telephone,0,3.3145288229535876,4yo
8,shapenet904,familiar,loudspeaker,1,1.4954444501484312,4yo
8,shapenet950,familiar,cabinet,1,1.5318079798281203,4yo
8,shapenet1460,familiar,telephone,1,3.247087636833137,4yo
8,shapenet1413,familiar,bench,1,1.7579380585311193,4yo
8,shapenet469,familiar,loudspeaker,0,2.709199431537038,4yo
8,shapenet1451,familiar,display,1,5.195265770343184,4yo
8,shapenet697,familiar,chair,1,1.6948914750404096,4yo
8,shapenet1312,familiar,chair,0,2.0258831633798415,4yo
8,shapenet1285,familiar,cabinet,1,4.608549409681958,4yo
8,shapenet782,familiar,chair,1,1.3154088979378353,4yo
8,shapenet708,familiar,bench,1,2.726160465147848,4yo
8,shapegen1507,novel,abstract4,1,9.66247011044127,4yo
8,shapegen1554,novel,abstract4,0,3.85439286750286,4yo
8,shapegen2205,novel,abstract4,0,5.066422496343077,4yo
8,shapegen2260,novel,abstract4,0,2.7629921190911566,4yo
8,shapegen2267,novel,abstract4,1,1.903608452523661,4yo
8,shapegen2132,novel,abstract4,0,1.702063145992791,4yo
8,shapegen2249,novel,abstract4,0,3.7670490826921887,4yo
8,shapegen2326,novel,abstract4,0,3.8096013214406237,4yo
9,training_00,training,chair_vs_loudspeaker,1,1.8528975558108782,4yo
9,training_01,training,chair_vs_loudspeaker,1,2.0894784873255587,4yo
9,training_02,training,chair_vs_abstract4,0,1.3038563436796662,4yo
9,training_03,training,lamp_vs_chair,1,2.479025501139874,4yo
9,training_04,training,lamp_vs_loudspeaker,1,3.5382987675793633,4yo
9,training_05,training,lamp_vs_abstract4,1,2.9473215679019273,4yo
9,shapenet1357,warmup,chair,1,1.8759972879830487,4yo
9,shapenet942,warmup,chair,1,8.825871950857358,4yo
9,shapenet1263,warmup,chair,0,2.302828398321094,4yo
9,shapenet431,warmup,lamp,0,4.449500141081996,4yo
9,shapenet1477,warmup,lamp,0,2.234254071333378,4yo
9,shapenet1053,warmup,lamp,1,4.393491115110597,4yo
9,shapenet1147,warmup,bench,0,2.3714621460244656,4yo
9,shapenet886,warmup,bench,1,2.4464720289663346,4yo
9,shapenet1082,familiar,lamp,1,4.696785504369474,4yo
9,shapenet1392,familiar,telephone,0,7.213483807460984,4yo
9,shapenet904,familiar,loudspeaker,0,2.6821987914513765,4yo
9,shapenet950,familiar,cabinet,0,2.4862888093795132,4yo
9,shapenet1460,familiar,telephone,1,2.1363275393122483,4yo
9,shapenet1413,familiar,bench,0,1.9993376019944424,4yo
9,shapenet469,familiar,loudspeaker,0,2.1978763783107804,4yo
9,shapenet1451,familiar,display,1,2.3496053669833294,4yo
9,shapenet697,familiar,chair,1,4.396246393661304,4yo
9,shapenet1312,familiar,chair,0,3.76987781219707,4yo
9,shapenet1285,familiar,cabinet,1,4.126046140881056,4yo
9,shapenet782,familiar,chair,0,4.091737402165436,4yo
9,shapenet708,familiar,bench,0,5.0905078994942645,4yo
9,shapegen1507,novel,abstract4,0,2.393367048807143,4yo
9,shapegen1554,novel,abstract4,0,3.718027906424449,4yo
9,shapegen2205,novel,abstract4,1,1.6156796787303387,4yo
9,shapegen2260,novel,abstract4,1,1.6212937281340287,4yo
9,shapegen2267,novel,abstract4,1,3.546389155514062,4yo
9,shapegen2132,novel,abstract4,0,3.1811089069814433,4yo
9,shapegen2249,novel,abstract4,1,3.4262335372668193,4yo
9,shapegen2326,novel,abstract4,1,4.444863049835496,4yo
10,training_00,training,chair_vs_loudspeaker,1,2.055211058776998,4yo
10,training_01,training,chair_vs_loudspeaker,1,1.6059010223409997,4yo
10,training_02,training,chair_vs_abstract4,1,3.273324547319932,4yo
10,training_03,training,lamp_vs_chair,0,1.6645172657373772,4yo
10,training_04,training,lamp_vs_loudspeaker,1,1.9497798887974185,4yo
10,training_05,training,lamp_vs_abstract4,1,2.9388110864832173,4yo
10,shapenet1357,warmup,chair,1,2.6939666229169124,4yo
10,shapenet942,warmup,chair,1,2.627213740674558,4yo
10,shapenet1263,warmup,chair,1,1.769874464024058,4yo
10,shapenet431,warmup,lamp,0,3.023085962035622,4yo
10,shapenet1477,warmup,lamp,1,6.957925838664102,4yo
10,shapenet1053,warmup,lamp,1,1.4547694391227632,4yo
10,shapenet1147,warmup,bench,1,1.5810709788512736,4yo
10,shapenet886,warmup,bench,1,3.6968962586558325,4yo
10,shapenet1082,familiar,lamp,0,3.3258829086551085,4yo
10,shapenet1392,familiar,telephone,1,5.538049358975335,4yo
10,shapenet904,familiar,loudspeaker,1,2.144297722070465,4yo
10,shapenet950,familiar,cabinet,1,4.462618659234631,4yo
10,shapenet1460,familiar,telephone,1,3.4768642034042574,4yo
10,shapenet1413,familiar,bench,1,1.952092602487116,4yo
10,shapenet469,familiar,loudspeaker,0,2.255762093131664,4yo
10,shapenet1451,familiar,display,1,3.010764186270705,4yo
10,shapenet697,familiar,chair,0,2.031899183841112,4yo
10,shapenet1312,familiar,chair,1,4.961895794634066,4yo
10,shapenet1285,familiar,cabinet,1,4.150303840538778,4yo
10,shapenet782,familiar,chair,1,2.400278419254226,4yo
10,shapenet708,familiar,bench,0,2.7827950452679637,4yo
10,shapegen1507,novel,abstract4,0,5.171242347209167,4yo
10,shapegen1554,novel,abstract4,1,3.2817581050861304,4yo
10,shapegen2205,novel,abstract4,1,8.245247900892776,4yo
10,shapegen2260,novel,abstract4,0,4.275432924099252,4yo
10,shapegen2267,novel,abstract4,0,2.3408027257829813,4yo
10,shapegen2132,novel,abstract4,0,2.102130915267266,4yo
10,shapegen2249,novel,abstract4,1,5.442256398917856,4yo
10,shapegen2326,novel,abstract4,0,2.7752096352666507,4yo
11,training_00,training,chair_vs_loudspeaker,1,2.896593966861046,4yo
11,training_01,training,chair_vs_loudspeaker,1,1.1746128451928366,4yo
11,training_02,training,chair_vs_abstract4,1,1.1683220565473318,4yo
11,training_03,training,lamp_vs_chair,1,3.8527891301653603,4yo
11,training_04,training,lamp_vs_loudspeaker,1,1.9135327177257162,4yo
11,training_05,training,lamp_vs_abstract4,1,1.8705392909029877,4yo
11,shapenet1357,warmup,chair,0,6.70078166818245,4yo
11,shapenet942,warmup,chair,1,4.02463830269042,4yo
11,shapenet1263,warmup,chair,1,5.346945143183787,4yo
11,shapenet431,warmup,lamp,1,4.613919851630935,4yo
11,shapenet1477,warmup,lamp,1,3.7435691773841535,4yo
11,shapenet1053,warmup,lamp,1,5.217985116086926,4yo
11,shapenet1147,warmup,bench,1,1.8457358830051718,4yo
11,shapenet886,warmup,bench,0,1.7510124588945086,4yo
11,shapenet1082,familiar,lamp,1,1.583491618345422,4yo
11,shapenet1392,familiar,telephone,1,1.364163929227195,4yo
11,shapenet904,familiar,loudspeaker,0,3.154505253187409,4yo
11,shapenet950,familiar,cabinet,1,1.5051307880706024,4yo
11,shapenet1460,familiar,telephone,1,1.7950921714398678,4yo
11,shapenet1413,familiar,bench,1,2.710565384811697,4yo
11,shapenet469,familiar,loudspeaker,1,0.9119314668635465,4yo
11,shapenet1451,familiar,display,1,2.8876869296765495,4yo
11,shapenet697,familiar,chair,1,3.0102768141616196,4yo
11,shapenet1312,familiar,chair,0,7.413717282872819,4yo
11,shapenet1285,familiar,cabinet,1,3.2956914167599307,4yo
11,shapenet782,familiar,chair,0,3.1569739252197677,4yo
11,shapenet708,familiar,bench,0,5.999522784604226,4yo
11,shapegen1507,novel,abstract4,1,3.03712973527476,4yo
11,shapegen1554,novel,abstract4,1,3.685408422859233,4yo
11,shapegen2205,novel,abstract4,1,5.255419141209803,4yo
11,shapegen2260,novel,abstract4,0,2.4202538355926055,4yo
11,shapegen2267,novel,abstract4,1,5.273935382160857,4yo
11,shapegen2132,novel,abstract4,0,1.839925561863426,4yo
11,shapegen2249,novel,abstract4,0,4.5698238681159555,4yo
11,shapegen2326,novel,abstract4,0,4.583718571141466,4yo
12,training_00,training,chair_vs_loudspeaker,1,4.688720902400049,4yo
12,training_01,training,chair_vs_loudspeaker,1,2.105579879075798,4yo
12,training_02,training,chair_vs_abstract4,1,2.814215087065582,4yo
12,training_03,training,lamp_vs_chair,1,2.2619434673452194,4yo
12,training_04,training,lamp_vs_loudspeaker,1,1.6405534182568788,4yo
12,training_05,training,lamp_vs_abstract4,1,1.6887333343471582,4yo
12,shapenet1357,warmup,chair,1,3.1033513108966266,4yo
12,shapenet942,warmup,chair,1,4.910418071170343,4yo
12,shapenet1263,warmup,chair,0,1.4496966776946234,4yo
12,shapenet431,warmup,lamp,1,5.289160346419024,4yo
12,shapenet1477,warmup,lamp,1,3.4654568891676285,4yo
12,shapenet1053,warmup,lamp,1,2.337227910998456,4yo
12,shapenet1147,warmup,bench,1,3.0163295016640954,4yo
12,shapenet886,warmup,bench,1,3.4365851679242927,4yo
12,shapenet1082,familiar,lamp,1,1.8315952989029314,4yo
12,shapenet1392,familiar,telephone,0,2.787523936834304,4yo
12,shapenet904,familiar,loudspeaker,1,2.99512142003257,4yo
12,shapenet950,familiar,cabinet,0,1.4382537126438217,4yo
12,shapenet1460,familiar,telephone,1,4.366497242332714,4yo
12,shapenet1413,familiar,bench,1,2.2644613434151544,4yo
12,shapenet469,familiar,loudspeaker,1,2.320095407201804,4yo
12,shapenet1451,familiar,display,1,2.880339778488745,4yo
12,shapenet697,familiar,chair,1,3.657614554616229,4yo
12,shapenet1312,familiar,chair,1,3.5334181274393925,4yo
12,shapenet1285,familiar,cabinet,0,3.0552335498398877,4yo
12,shapenet782,familiar,chair,1,3.471556754829262,4yo
12,shapenet708,familiar,bench,1,2.1657905520796725,4yo
12,shapegen1507,novel,abstract4,0,3.627523815896079,4yo
12,shapegen1554,novel,abstract4,0,4.326653719051053,4yo
12,shapegen2205,novel,abstract4,0,2.6022071507387987,4yo
12,shapegen2260,novel,abstract4,0,3.4208264885408237,4yo
12,shapegen2267,novel,abstract4,0,4.372423621253467,4yo
12,shapegen2132,novel,abstract4,0,3.2533176503914327,4yo
12,shapegen2249,novel,abstract4,0,1.931660395692115,4yo
12,shapegen2326,novel,abstract4,1,6.324861788909882,4yo
13,training_00,training,chair_vs_loudspeaker,1,2.5935264737373527,4yo
13,training_01,training,chair_vs_loudspeaker,1,2.919207825203338,4yo
13,training_02,training,chair_vs_abstract4,1,2.0130029866183796,4yo
13,training_03,training,lamp_vs_chair,1,1.6159780797535621,4yo
13,training_04,training,lamp_vs_loudspeaker,1,1.3567693414343387,4yo
13,training_05,training,lamp_vs_abstract4,1,2.0621946984797317,4yo
13,shapenet1357,warmup,chair,1,1.755393574051898,4yo
13,shapenet942,warmup,chair,1,1.8170869246358672,4yo
13,shapenet1263,warmup,chair,1,3.0284732159970025,4yo
13,shapenet431,warmup,lamp,1,1.4200043476928386,4yo
13,shapenet1477,warmup,lamp,0,1.2637003907079971,4yo
13,shapenet1053,warmup,lamp,0,2.720309029268763,4yo
13,shapenet1147,warmup,bench,1,3.3871561944553474,4yo
13,shapenet886,warmup,bench,0,3.1218516700965897,4yo
13,shapenet1082,familiar,lamp,1,1.468800981431721,4yo
13,shapenet1392,familiar,telephone,0,2.172192190891173,4yo
13,shapenet904,familiar,loudspeaker,0,2.2848585214679713,4yo
13,shapenet950,familiar,cabinet,1,1.5044861914458776,4yo
13,shapenet1460,familiar,telephone,1,3.0341532703561596,4yo
13,shapenet1413,familiar,bench,1,3.292114712655205,4yo
13,shapenet469,familiar,loudspeaker,1,2.7457032506395356,4yo
13,shapenet1451,familiar,display,0,1.4950534414433685,4yo
13,shapenet697,familiar,chair,1,7.299436789727636,4yo
13,shapenet1312,familiar,chair,1,2.081261560766357,4yo
13,shapenet1285,familiar,cabinet,1,4.601214958721142,4yo
13,shapenet782,familiar,chair,0,5.6420433324158505,4yo
13,shapenet708,familiar,bench,1,2.4913852572004127,4yo
13,shapegen1507,novel,abstract4,0,4.06306792041223,4yo
13,shapegen1554,novel,abstract4,1,1.8615253815528086,4yo
13,shapegen2205,novel,abstract4,1,2.8664419351457,4yo
13,shapegen2260,novel,abstract4,1,4.127293284624871,4yo
13,shapegen2267,novel,abstract4,1,3.3969888703878,4yo
13,shapegen2132,novel,abstract4,1,4.651614158495527,4yo
13,shapegen2249,novel,abstract4,0,2.7251417649249268,4yo
13,shapegen2326,novel,abstract4,0,5.201011644281748,4yo
14,training_00,training,chair_vs_loudspeaker,1,1.7077898945440393,4yo
14,training_01,training,chair_vs_loudspeaker,1,1.043956565337584,4yo
14,training_02,training,chair_vs_abstract4,1,3.0149977252485884,4yo
14,training_03,training,lamp_vs_chair,1,0.698882074537275,4yo
14,training_04,training,lamp_vs_loudspeaker,0,1.590123178166328,4yo
14,training_05,training,lamp_vs_abstract4,1,1.3945259481924135,4yo
14,shapenet1357,warmup,chair,1,4.49663595392719,4yo
14,shapenet942,warmup,chair,0,3.76128774289702,4yo
14,shapenet1263,warmup,chair,1,1.6120033547659187,4yo
14,shapenet431,warmup,lamp,1,1.5163163224757887,4yo
14,shapenet1477,warmup,lamp,0,2.1136005485406018,4yo
14,shapenet1053,warmup,lamp,0,1.559794439243389,4yo
14,shapenet1147,warmup,bench,0,5.014786201971179,4yo
14,shapenet886,warmup,bench,1,1.1989729281512216,4yo
14,shapenet1082,familiar,lamp,1,6.727795663826603,4yo
14,shapenet1392,familiar,telephone,1,3.5525600443168552,4yo
14,shapenet904,familiar,loudspeaker,0,3.861630442703846,4yo
14,shapenet950,familiar,cabinet,1,3.1351047349306636,4yo
14,shapenet1460,familiar,telephone,1,1.4629637504936155,4yo
14,shapenet1413,familiar,bench,0,4.2720511353625525,4yo
14,shapenet469,familiar,loudspeaker,0,3.035180677230413,4yo
14,shapenet1451,familiar,display,1,1.9444784460595135,4yo
14,shapenet697,familiar,chair,1,4.865392128224853,4yo
14,shapenet1312,familiar,chair,1,4.6798356813475435,4yo
14,shapenet1285,familiar,cabinet,0,4.877497425664176,4yo
14,shapenet782,familiar,chair,0,4.53192234471838,4yo
14,shapenet708,familiar,bench,1,2.3492397659548607,4yo
14,shapegen1507,novel,abstract4,1,4.30977894407475,4yo
14,shapegen1554,novel,abstract4,1,5.441576847939783,4yo
14,shapegen2205,novel,abstract4,0,5.15402397778783,4yo
14,shapegen2260,novel,abstract4,0,1.1523487093222808,4yo
14,shapegen2267,novel,abstract4,1,3.268010981492742,4yo
14,shapegen2132,novel,abstract4,0,2.4528566446258595,4yo
14,shapegen2249,novel,abstract4,1,6.474457913538689,4yo
14,shapegen2326,novel,abstract4,0,3.2895331774879466,4yo
15,training_00,training,chair_vs_loudspeaker,0,2.8628990714713147,4yo
15,training_01,training,chair_vs_loudspeaker,1,5.011037342296286,4yo
15,training_02,training,chair_vs_abstract4,1,2.250075776910875,4yo
15,training_03,training,lamp_vs_chair,1,2.466078375533894,4yo
15,training_04,training,lamp_vs_loudspeaker,1,4.124866457357599,4yo
15,training_05,training,lamp_vs_abstract4,1,1.3368002942780841,4yo
15,shapenet1357,warmup,chair,0,1.6488346182787128,4yo
15,shapenet942,warmup,chair,1,1.9411589329775794,4yo
15,shapenet1263,warmup,chair,1,3.680152163364351,4yo
15,shapenet431,warmup,lamp,1,2.682897928715611,4yo
15,shapenet1477,warmup,lamp,1,1.9495867122515411,4yo
15,shapenet1053,warmup,lamp,1,4.562691819518611,4yo
15,shapenet1147,warmup,bench,1,1.3148446748880454,4yo
15,shapenet886,warmup,bench,1,1.910124944696953,4yo
15,shapenet1082,familiar,lamp,0,2.7928803104630098,4yo
15,shapenet1392,familiar,telephone,1,6.761725884281026,4yo
15,shapenet904,familiar,loudspeaker,1,2.224270321643661,4yo
15,shapenet950,familiar,cabinet,1,3.814268605816162,4yo
15,shapenet1460,familiar,telephone,0,2.7904572237100234,4yo
15,shapenet1413,familiar,bench,0,1.7538534319473682,4yo
15,shapenet469,familiar,loudspeaker,1,3.7799434980398257,4yo
15,shapenet1451,familiar,display,0,2.6191614128174696,4yo
15,shapenet697,familiar,chair,1,2.357629672769208,4yo
15,shapenet1312,familiar,chair,1,1.644656683248385,4yo
15,shapenet1285,familiar,cabinet,0,3.0960792744257737,4yo
15,shapenet782,familiar,chair,1,5.908502859120369,4yo
15,shapenet708,familiar,bench,0,2.268822607374429,4yo
15,shapegen1507,novel,abstract4,1,2.052707906885769,4yo
15,shapegen1554,novel,abstract4,1,1.6005003294617695,4yo
15,shapegen2205,novel,abstract4,1,1.539598735919166,4yo
15,shapegen2260,novel,abstract4,1,3.19075300821081,4yo
15,shapegen2267,novel,abstract4,0,3.515866142103232,4yo
15,shapegen2132,novel,abstract4,1,4.039200448207456,4yo
15,shapegen2249,novel,abstract4,1,3.2555225018551894,4yo
15,shapegen2326,novel,abstract4,1,3.6745746147562977,4yo
16,training_00,training,chair_vs_loudspeaker,1,3.775197292647044,4yo
16,training_01,training,chair_vs_loudspeaker,1,3.4873655651400086,4yo
16,training_02,training,chair_vs_abstract4,1,2.968370526347927,4yo
16,training_03,training,lamp_vs_chair,1,1.1068928864143566,4yo
16,training_04,training,lamp_vs_loudspeaker,0,2.0062811930482156,4yo
16,training_05,training,lamp_vs_abstract4,1,2.5031490712957862,4yo
16,shapenet1357,warmup,chair,1,1.7620129335471986,4yo
16,shapenet942,warmup,chair,1,5.5758024897157386,4yo
16,shapenet1263,warmup,chair,1,2.2441083180303103,4yo
16,shapenet431,warmup,lamp,0,1.2522120006263395,4yo
16,shapenet1477,warmup,lamp,1,2.186034009804979,4yo
16,shapenet1053,warmup,lamp,1,3.1415460764921264,4yo
16,shapenet1147,warmup,bench,0,1.7621514250371502,4yo
16,shapenet886,warmup,bench,0,2.4402338712930844,4yo
16,shapenet1082,familiar,lamp,0,1.4518144181302934,4yo
16,shapenet1392,familiar,telephone,1,2.4540033453486325,4yo
16,shapenet904,familiar,loudspeaker,0,3.0113448778697935,4yo
16,shapenet950,familiar,cabinet,0,2.8755193449450207,4yo
16,shapenet1460,familiar,telephone,0,4.300203457685857,4yo
16,shapenet1413,familiar,bench,1,1.9296031237050502,4yo
16,shapenet469,familiar,loudspeaker,1,3.5145298449275733,4yo
16,shapenet1451,familiar,display,1,3.8606948174029356,4yo
16,shapenet697,familiar,chair,1,2.183439119280947,4yo
16,shapenet1312,familiar,chair,1,2.020895418683639,4yo
16,shapenet1285,familiar,cabinet,1,6.440007815134698,4yo
16,shapenet782,familiar,chair,0,2.611466385016448,4yo
16,shapenet708,familiar,bench,0,3.5923907914578055,4yo
16,shapegen1507,novel,abstract4,0,4.143392330685753,4yo
16,shapegen1554,novel,abstract4,0,1.7998204453552487,4yo
16,shapegen2205,novel,abstract4,0,3.70960113634451,4yo
16,shapegen2260,novel,abstract4,0,3.623089876009763,4yo
16,shapegen2267,novel,abstract4,1,7.302724134200088,4yo
16,shapegen2132,novel,abstract4,1,3.6222669956783413,4yo
16,shapegen2249,novel,abstract4,0,4.77209792678479,4yo
16,shapegen2326,novel,abstract4,1,4.8672591047320415,4yo
17,training_00,training,chair_vs_loudspeaker,1,4.250173535665957,4yo
17,training_01,training,chair_vs_loudspeaker,1,1.0683096280815711,4yo
17,training_02,training,chair_vs_abstract4,1,0.8842668779806838,4yo
17,training_03,training,lamp_vs_chair,0,1.7814355708181218,4yo
17,training_04,training,lamp_vs_loudspeaker,1,0.9949284691118137,4yo
17,training_05,training,lamp_vs_abstract4,1,1.6198256723075495,4yo
17,shapenet1357,warmup,chair,1,2.604793231840538,4yo
17,shapenet942,warmup,chair,0,2.9122867555850256,4yo
17,shapenet1263,warmup,chair,1,2.195153275752295,4yo
17,shapenet431,warmup,lamp,1,1.8981016350436282,4yo
17,shapenet1477,warmup,lamp,1,2.0832940350584725,4yo
17,shapenet1053,warmup,lamp,1,3.3192153814754395,4yo
17,shapenet1147,warmup,bench,0,1.6290948268554997,4yo
17,shapenet886,warmup,bench,0,1.9022746573581306,4yo
17,shapenet1082,familiar,lamp,1,3.4686454060014427,4yo
17,shapenet1392,familiar,telephone,1,3.1270684800533646,4yo
17,shapenet904,familiar,loudspeaker,1,1.4167753003630503,4yo
17,shapenet950,familiar,cabinet,1,4.793735021640853,4yo
17,shapenet1460,familiar,telephone,0,2.4234980798318126,4yo
17,shapenet1413,familiar,bench,1,1.7856476691892809,4yo
17,shapenet469,familiar,loudspeaker,1,1.6189142464033262,4yo
17,shapenet1451,familiar,display,0,4.828171961204084,4yo
17,shapenet697,familiar,chair,1,1.141283768974903,4yo
17,shapenet1312,familiar,chair,1,3.608263211468336,4yo
17,shapenet1285,familiar,cabinet,0,4.377256143643483,4yo
17,shapenet782,familiar,chair,0,2.5093975214556608,4yo
17,shapenet708,familiar,bench,0,6.117665653589731,4yo
17,shapegen1507,novel,abstract4,1,2.1670390310035015,4yo
17,shapegen1554,novel,abstract4,0,4.299617456370205,4yo
17,shapegen2205,novel,abstract4,1,3.554885787899433,4yo
17,shapegen2260,novel,abstract4,1,7.41098484075655,4yo
17,shapegen2267,novel,abstract4,1,2.978491213843359,4yo
17,shapegen2132,novel,abstract4,1,4.092313515339364,4yo
17,shapegen2249,novel,abstract4,1,3.5447334801187593,4yo
17,shapegen2326,novel,abstract4,0,1.6999974386470156,4yo
18,training_00,training,chair_vs_loudspeaker,1,0.8620381620301626,4yo
18,training_01,training,chair_vs_loudspeaker,1,4.173553541204422,4yo
18,training_02,training,chair_vs_abstract4,1,3.602613408425165,4yo
18,training_03,training,lamp_vs_chair,1,3.553172969898539,4yo
18,training_04,training,lamp_vs_loudspeaker,1,3.489802543356528,4yo
18,training_05,training,lamp_vs_abstract4,1,1.9826583310896861,4yo
18,shapenet1357,warmup,chair,1,2.9119937464099115,4yo
18,shapenet942,warmup,chair,1,1.7210134522915512,4yo
18,shapenet1263,warmup,chair,1,3.1600309374376674,4yo
18,shapenet431,warmup,lamp,1,1.8090123684952337,4yo
18,shapenet1477,warmup,lamp,1,2.4499614568717876,4yo
18,shapenet1053,warmup,lamp,1,2.8152500968962917,4yo
18,shapenet1147,warmup,bench,1,2.5470767805654035,4yo
18,shapenet886,warmup,bench,1,1.8427611431427897,4yo
18,shapenet1082,familiar,lamp,0,1.8255700029160964,4yo
18,shapenet1392,familiar,telephone,1,4.360034556837126,4yo
18,shapenet904,familiar,loudspeaker,0,5.2346371081893714,4yo
18,shapenet950,familiar,cabinet,0,3.173016785149151,4yo
18,shapenet1460,familiar,telephone,0,1.1695934980639966,4yo
18,shapenet1413,familiar,bench,0,2.7488484233206165,4yo
18,shapenet469,familiar,loudspeaker,1,3.4745011890894326,4yo
18,shapenet1451,familiar,display,0,2.61522060268486,4yo
18,shapenet697,familiar,chair,1,2.751676298172362,4yo
18,shapenet1312,familiar,chair,0,2.1838413155142145,4yo
18,shapenet1285,familiar,cabinet,0,2.6411314386391918,4yo
18,shapenet782,familiar,chair,1,4.56576761484718,4yo
18,shapenet708,familiar,bench,0,3.259148849416166,4yo
18,shapegen1507,novel,abstract4,1,2.627391677260445,4yo
18,shapegen1554,novel,abstract4,1,2.9601058610362134,4yo
18,shapegen2205,novel,abstract4,0,6.1944636170409675,4yo
18,shapegen2260,novel,abstract4,0,2.0809684667703614,4yo
18,shapegen2267,novel,abstract4,1,2.4792417305262866,4yo
18,shapegen2132,novel,abstract4,1,3.1075304651605014,4yo
18,shapegen2249,novel,abstract4,0,2.559857461102719,4yo
18,shapegen2326,novel,abstract4,0,6.038189999248707,4yo
19,training_00,training,chair_vs_loudspeaker,1,1.3244985882274694,4yo
19,training_01,training,chair_vs_loudspeaker,1,2.493862739456661,4yo
19,training_02,training,chair_vs_abstract4,1,4.3659974987354895,4yo
19,training_03,training,lamp_vs_chair,1,4.143169674429605,4yo
19,training_04,training,lamp_vs_loudspeaker,1,2.663348348494577,4yo
19,training_05,training,lamp_vs_abstract4,1,1.3205850675650763,4yo
19,shapenet1357,warmup,chair,1,2.667901223071627,4yo
19,shapenet942,warmup,chair,1,1.8799094160014316,4yo
19,shapenet1263,warmup,chair,1,3.2985584207868768,4yo
19,shapenet431,warmup,lamp,0,3.05174216192871,4yo
19,shapenet1477,warmup,lamp,0,2.8679866841645283,4yo
19,shapenet1053,warmup,lamp,1,3.7001333550887083,4yo
19,shapenet1147,warmup,bench,1,2.990012331136924,4yo
19,shapenet886,warmup,bench,1,2.4941104876401288,4yo
19,shapenet1082,familiar,lamp,0,1.7290449539665056,4yo
19,shapenet1392,familiar,telephone,1,2.251581305337812,4yo
19,shapenet904,familiar,loudspeaker,1,1.899609659508394,4yo
19,shapenet950,familiar,cabinet,1,4.384452839113068,4yo
19,shapenet1460,familiar,telephone,1,2.7863693866347967,4yo
19,shapenet1413,familiar,bench,1,3.3045263405254026,4yo
19,shapenet469,familiar,loudspeaker,1,2.409867579564608,4yo
19,shapenet1451,familiar,display,0,4.923527998466279,4yo
19,shapenet697,familiar,chair,1,3.9111272757217694,4yo
19,shapenet1312,familiar,chair,0,3.1252459181799135,4yo
19,shapenet1285,familiar,cabinet,0,2.919758143682906,4yo
19,shapenet782,familiar,chair,1,2.0697813709365955,4yo
19,shapenet708,familiar,bench,0,2.2726984373569556,4yo
19,shapegen1507,novel,abstract4,1,1.7009847295681868,4yo
19,shapegen1554,novel,abstract4,0,4.46343821695833,4yo
19,shapegen2205,novel,abstract4,0,4.657871234926994,4yo
19,shapegen2260,novel,abstract4,1,4.757258803799104,4yo
19,shapegen2267,novel,abstract4,1,2.204795503604103,4yo
19,shapegen2132,novel,abstract4,1,6.446300822182973,4yo
19,shapegen2249,novel,abstract4,1,2.910104281874423,4yo
19,shapegen2326,novel,abstract4,0,4.216770977260634,4yo
0,training_00,training,chair_vs_loudspeaker,1,2.9886624351423965,5yo
0,training_01,training,chair_vs_loudspeaker,0,1.9376494653450553,5yo
0,training_02,training,chair_vs_abstract4,1,1.7893912031284631,5yo
0,training_03,training,lamp_vs_chair,1,2.953749045506606,5yo
0,training_04,training,lamp_vs_loudspeaker,1,3.727068388754304,5yo
0,training_05,training,lamp_vs_abstract4,1,1.5340738009395973,5yo
0,shapenet1357,warmup,chair,0,2.488574052174588,5yo
0,shapenet942,warmup,chair,1,2.0726047139530914,5yo
0,shapenet1263,warmup,chair,1,4.4914254369704345,5yo
0,shapenet431,warmup,lamp,1,1.9869594563991697,5yo
0,shapenet1477,warmup,lamp,1,1.5142570727042348,5yo
0,shapenet1053,warmup,lamp,1,3.549681780636725,5yo
0,shapenet1147,warmup,bench,1,4.740856931280769,5yo
0,shapenet886,warmup,bench,1,3.4518105493785405,5yo
0,shapenet1082,familiar,lamp,0,4.842390352286055,5yo
0,shapenet1392,familiar,telephone,1,7.420863948588097,5yo
0,shapenet904,familiar,loudspeaker,0,6.237316675773927,5yo
0,shapenet950,familiar,cabinet,0,6.58584324603862,5yo
0,shapenet1460,familiar,telephone,0,6.627453811047599,5yo
0,shapenet1413,familiar,bench,1,2.3960194683247065,5yo
0,shapenet469,familiar,loudspeaker,1,4.103794832383444,5yo
0,shapenet1451,familiar,display,0,3.2120035868987005,5yo
0,shapenet697,familiar,chair,1,1.542510217325887,5yo
0,shapenet1312,familiar,chair,0,3.1861062877713064,5yo
0,shapenet1285,familiar,cabinet,0,4.946000783866453,5yo
0,shapenet782,familiar,chair,1,3.8284706963242816,5yo
0,shapenet708,familiar,bench,1,2.9023156234395593,5yo
0,shapegen1507,novel,abstract4,0,2.519308507008022,5yo
0,shapegen1554,novel,abstract4,0,4.345352847521018,5yo
0,shapegen2205,novel,abstract4,1,3.1446693806373904,5yo
0,shapegen2260,novel,abstract4,1,5.577282486000548,5yo
0,shapegen2267,novel,abstract4,0,5.489399115392234,5yo
0,shapegen2132,novel,abstract4,1,4.054070565426664,5yo
0,shapegen2249,novel,abstract4,0,2.1339769677332034,5yo
0,shapegen2326,novel,abstract4,1,2.8261316211169123,5yo
1,training_00,training,chair_vs_loudspeaker,1,2.578078982191926,5yo
1,training_01,training,chair_vs_loudspeaker,1,3.2346659350929414,5yo
1,training_02,training,chair_vs_abstract4,1,2.7673423324119297,5yo
1,training_03,training,lamp_vs_chair,0,1.4217307766354284,5yo
1,training_04,training,lamp_vs_loudspeaker,1,8.765895229094689,5yo
1,training_05,training,lamp_vs_abstract4,1,1.0495534533057094,5yo
1,shapenet1357,warmup,chair,0,3.3133859643059798,5yo
1,shapenet942,warmup,chair,1,1.1887851591717866,5yo
1,shapenet1263,warmup,chair,1,4.290138407966984,5yo
1,shapenet431,warmup,lamp,1,1.8078992111415888,5yo
1,shapenet1477,warmup,lamp,1,2.4313802623983185,5yo
1,shapenet1053,warmup,lamp,0,3.018879075781562,5yo
1,shapenet1147,warmup,bench,1,3.7252796170154,5yo
1,shapenet886,warmup,bench,0,2.4123474940265517,5yo
1,shapenet1082,familiar,lamp,0,3.289115859002795,5yo
1,shapenet1392,familiar,telephone,1,3.4047368604108623,5yo
1,shapenet904,familiar,loudspeaker,1,3.092323369741471,5yo
1,shapenet950,familiar,cabinet,0,2.754356771799078,5yo
1,shapenet1460,familiar,telephone,1,2.4041356541617893,5yo
1,shapenet1413,familiar,bench,0,3.489133907649459,5yo
1,shapenet469,familiar,loudspeaker,0,3.435202706970948,5yo
1,shapenet1451,familiar,display,1,2.2154277437884056,5yo
1,shapenet697,familiar,chair,1,2.760221962528886,5yo
1,shapenet1312,familiar,chair,1,1.3727545794311737,5yo
1,shapenet1285,familiar,cabinet,1,2.694907209742344,5yo
1,shapenet782,familiar,chair,1,1.389963402510144,5yo
1,shapenet708,familiar,bench,0,2.42785057419425,5yo
1,shapegen1507,novel,abstract4,1,2.140747456215558,5yo
1,shapegen1554,novel,abstract4,1,2.3996954568626596,5yo
1,shapegen2205,novel,abstract4,1,6.259124808159185,5yo
1,shapegen2260,novel,abstract4,1,2.0249001518665177,5yo
1,shapegen2267,novel,abstract4,1,2.849500412204088,5yo
1,shapegen2132,novel,abstract4,1,3.9247594848787264,5yo
1,shapegen2249,novel,abstract4,0,1.4257969053997444,5yo
1,shapegen2326,novel,abstract4,0,3.159231525154285,5yo
2,training_00,training,chair_vs_loudspeaker,1,1.1631385529145706,5yo
2,training_01,training,chair_vs_loudspeaker,1,3.1412019572013135,5yo
2,training_02,training,chair_vs_abstract4,1,0.9459149697930577,5yo
2,training_03,training,lamp_vs_chair,1,1.8511029946131186,5yo
2,training_04,training,lamp_vs_loudspeaker,1,1.296094185544975,5yo
2,training_05,training,lamp_vs_abstract4,1,0.7773318936400387,5yo
2,shapenet1357,warmup,chair,1,4.322243344731923,5yo
2,shapenet942,warmup,chair,0,3.533441253702403,5yo
2,shapenet1263,warmup,chair,1,4.509766527271723,5yo
2,shapenet431,warmup,lamp,0,2.765112353648074,5yo
2,shapenet1477,warmup,lamp,0,1.5258465449536465,5yo
2,shapenet1053,warmup,lamp,1,2.076717476115669,5yo
2,shapenet1147,warmup,bench,1,0.5823820350816031,5yo
2,shapenet886,warmup,bench,1,1.34244944102595,5yo
2,shapenet1082,familiar,lamp,1,2.6441993831759705,5yo
2,shapenet1392,familiar,telephone,1,4.805531412980327,5yo
2,shapenet904,familiar,loudspeaker,1,2.396647452591792,5yo
2,shapenet950,familiar,cabinet,1,3.492083809428482,5yo
2,shapenet1460,familiar,telephone,0,3.3640682982881196,5yo
2,shapenet1413,familiar,bench,1,1.6997393235853782,5yo
2,shapenet469,familiar,loudspeaker,1,1.7165258878532605,5yo
2,shapenet1451,familiar,display,1,4.025297877285966,5yo
2,shapenet697,familiar,chair,1,2.0011598987269776,5yo
2,shapenet1312,familiar,chair,1,3.5830453799537305,5yo
2,shapenet1285,familiar,cabinet,1,1.9865128289506608,5yo
2,shapenet782,familiar,chair,1,2.167342375150451,5yo
2,shapenet708,familiar,bench,0,3.5482163446631354,5yo
2,shapegen1507,novel,abstract4,0,3.101845063160502,5yo
2,shapegen1554,novel,abstract4,1,2.8874316510303384,5yo
2,shapegen2205,novel,abstract4,0,2.159017605122268,5yo
2,shapegen2260,novel,abstract4,1,3.561399541805612,5yo
2,shapegen2267,novel,abstract4,0,2.310979372494239,5yo
2,shapegen2132,novel,abstract4,0,4.271116607343026,5yo
2,shapegen2249,novel,abstract4,1,2.176784894890987,5yo
2,shapegen2326,novel,abstract4,1,2.8736533056002598,5yo
3,training_00,training,chair_vs_loudspeaker,1,3.8421562853781763,5yo
3,training_01,training,chair_vs_loudspeaker,1,1.6023100379379362,5yo
3,training_02,training,chair_vs_abstract4,1,1.964475394905691,5yo
3,training_03,training,lamp_vs_chair,1,1.6449407014714212,5yo
3,training_04,training,lamp_vs_loudspeaker,1,1.5891363887661523,5yo
3,training_05,training,lamp_vs_abstract4,1,4.521985661993818,5yo
3,shapenet1357,warmup,chair,1,2.3700607219957677,5yo
3,shapenet942,warmup,chair,1,6.222352813870729,5yo
3,shapenet1263,warmup,chair,0,1.3841139226442813,5yo
3,shapenet431,warmup,lamp,1,4.405084691082214,5yo
3,shapenet1477,warmup,lamp,1,2.205844141327309,5yo
3,shapenet1053,warmup,lamp,1,1.9853525845004796,5yo
3,shapenet1147,warmup,bench,1,1.5777658662438956,5yo
3,shapenet886,warmup,bench,1,2.6250177074715038,5yo
3,shapenet1082,familiar,lamp,1,4.456229251844869,5yo
3,shapenet1392,familiar,telephone,1,3.0667694663718734,5yo
3,shapenet904,familiar,loudspeaker,1,2.3745496723024995,5yo
3,shapenet950,familiar,cabinet,0,1.486410218008293,5yo
3,shapenet1460,familiar,telephone,1,2.610650891129483,5yo
3,shapenet1413,familiar,bench,0,3.3447895930510616,5yo
3,shapenet469,familiar,loudspeaker,1,2.0001085061297403,5yo
3,shapenet1451,familiar,display,1,5.180126280414954,5yo
3,shapenet697,familiar,chair,1,2.4014009043615188,5yo
3,shapenet1312,familiar,chair,0,3.4609037303873036,5yo
3,shapenet1285,familiar,cabinet,1,2.4460248190488407,5yo
3,shapenet782,familiar,chair,1,4.176861608664292,5yo
3,shapenet708,familiar,bench,1,3.147204559947693,5yo
3,shapegen1507,novel,abstract4,1,6.740340432754407,5yo
3,shapegen1554,novel,abstract4,1,3.596300710387073,5yo
3,shapegen2205,novel,abstract4,1,4.243157275304985,5yo
3,shapegen2260,novel,abstract4,1,3.691401036392745,5yo
3,shapegen2267,novel,abstract4,0,1.994430419751258,5yo
3,shapegen2132,novel,abstract4,0,5.663099454630027,5yo
3,shapegen2249,novel,abstract4,0,3.923481708529639,5yo
3,shapegen2326,novel,abstract4,1,4.2969526806608505,5yo
4,training_00,training,chair_vs_loudspeaker,1,2.1046005332730586,5yo
4,training_01,training,chair_vs_loudspeaker,1,1.5423168154230837,5yo
4,training_02,training,chair_vs_abstract4,1,1.7899671787728972,5yo
4,training_03,training,lamp_vs_chair,0,1.314399465833141,5yo
4,training_04,training,lamp_vs_loudspeaker,1,1.3499426487972173,5yo
4,training_05,training,lamp_vs_abstract4,0,2.5275964880724366,5yo
4,shapenet1357,warmup,chair,1,1.2379371419698373,5yo
4,shapenet942,warmup,chair,1,2.611586051796315,5yo
4,shapenet1263,warmup,chair,1,3.768392424742028,5yo
4,shapenet431,warmup,lamp,1,3.7535968000532636,5yo
4,shapenet1477,warmup,lamp,0,3.3543235889395384,5yo
4,shapenet1053,warmup,lamp,1,3.5610931916551607,5yo
4,shapenet1147,warmup,bench,1,3.460669812524733,5yo
4,shapenet886,warmup,bench,1,1.5725103114728936,5yo
4,shapenet1082,familiar,lamp,1,2.6477266154102663,5yo
4,shapenet1392,familiar,telephone,1,3.906103844102356,5yo
4,shapenet904,familiar,loudspeaker,1,2.3851202893963186,5yo
4,shapenet950,familiar,cabinet,1,2.3953600231053316,5yo
4,shapenet1460,familiar,telephone,1,3.315023608056658,5yo
4,shapenet1413,familiar,bench,1,6.462226114361074,5yo
4,shapenet469,familiar,loudspeaker,1,4.2479123591007175,5yo
4,shapenet1451,familiar,display,1,1.4392386980206677,5yo
4,shapenet697,familiar,chair,1,3.1599396671600535,5yo
4,shapenet1312,familiar,chair,0,1.899089549546302,5yo
4,shapenet1285,familiar,cabinet,1,4.3874749771682415,5yo
4,shapenet782,familiar,chair,0,5.251053783975289,5yo
4,shapenet708,familiar,bench,0,7.06047112549118,5yo
4,shapegen1507,novel,abstract4,0,4.8662611159870925,5yo
4,shapegen1554,novel,abstract4,1,4.169924853051025,5yo
4,shapegen2205,novel,abstract4,1,4.24499588073224,5yo
4,shapegen2260,novel,abstract4,0,2.128105880200753,5yo
4,shapegen2267,novel,abstract4,0,3.2354645504252826,5yo
4,shapegen2132,novel,abstract4,1,3.6142531748286393,5yo
4,shapegen2249,novel,abstract4,0,2.489613043481065,5yo
4,shapegen2326,novel,abstract4,1,4.089323636655844,5yo
5,training_00,training,chair_vs_loudspeaker,0,1.263897570650017,5yo
5,training_01,training,chair_vs_loudspeaker,1,2.1453526321239127,5yo
5,training_02,training,chair_vs_abstract4,1,2.7068551923617266,5yo
5,training_03,training,lamp_vs_chair,1,2.342614746314395,5yo
5,training_04,training,lamp_vs_loudspeaker,1,1.9294929881002567,5yo
5,training_05,training,lamp_vs_abstract4,1,1.1683557083260416,5yo
5,shapenet1357,warmup,chair,1,3.488418022578696,5yo
5,shapenet942,warmup,chair,1,3.1544520213355436,5yo
5,shapenet1263,warmup,chair,1,3.1598871726623132,5yo
5,shapenet431,warmup,lamp,1,4.369353195301321,5yo
5,shapenet1477,warmup,lamp,1,2.0588299880143195,5yo
5,shapenet1053,warmup,lamp,1,2.5213299363725516,5yo
5,shapenet1147,warmup,bench,1,1.7725066698636263,5yo
5,shapenet886,warmup,bench,0,2.0248694684392565,5yo
5,shapenet1082,familiar,lamp,0,1.6647397423714754,5yo
5,shapenet1392,familiar,telephone,0,2.0933787336359857,5yo
5,shapenet904,familiar,loudspeaker,1,1.0929990332056707,5yo
5,shapenet950,familiar,cabinet,0,3.4781669377011024,5yo
5,shapenet1460,familiar,telephone,1,7.21384378294768,5yo
5,shapenet1413,familiar,bench,1,1.7842149275062578,5yo
5,shapenet469,familiar,loudspeaker,1,2.5978484448463974,5yo
5,shapenet1451,familiar,display,0,6.493702041024093,5yo
5,shapenet697,familiar,chair,1,3.7429044160048077,5yo
5,shapenet1312,familiar,chair,1,3.371224835847635,5yo
5,shapenet1285,familiar,cabinet,0,1.987981328584962,5yo
5,shapenet782,familiar,chair,1,2.7124977439844864,5yo
5,shapenet708,familiar,bench,1,2.251607684646339,5yo
5,shapegen1507,novel,abstract4,1,4.052609056177886,5yo
5,shapegen1554,novel,abstract4,0,4.097198658690993,5yo
5,shapegen2205,novel,abstract4,1,2.7415627910887737,5yo
5,shapegen2260,novel,abstract4,1,2.96808755128116,5yo
5,shapegen2267,novel,abstract4,1,5.689836708630858,5yo
5,shapegen2132,novel,abstract4,1,6.030588044029216,5yo
5,shapegen2249,novel,abstract4,1,2.8525286125167666,5yo
5,shapegen2326,novel,abstract4,0,2.8879559379709647,5yo
6,training_00,training,chair_vs_loudspeaker,1,2.2242113188340844,5yo
6,training_01,training,chair_vs_loudspeaker,1,1.0872311625015507,5yo
6,training_02,training,chair_vs_abstract4,0,2.591116992481365,5yo
6,training_03,training,lamp_vs_chair,1,1.9695867768003903,5yo
6,training_04,training,lamp_vs_loudspeaker,1,4.094632123843773,5yo
6,training_05,training,lamp_vs_abstract4,1,4.204891651264163,5yo
6,shapenet1357,warmup,chair,1,6.365840210118068,5yo
6,shapenet942,warmup,chair,1,3.0448010799017107,5yo
6,shapenet1263,warmup,chair,1,2.273096305033046,5yo
6,shapenet431,warmup,lamp,1,2.94121791899189,5yo
6,shapenet1477,warmup,lamp,1,2.3421123870914693,5yo
6,shapenet1053,warmup,lamp,1,4.39113699733037,5yo
6,shapenet1147,warmup,bench,0,3.4907475915729145,5yo
6,shapenet886,warmup,bench,1,2.1012705255554534,5yo
6,shapenet1082,familiar,lamp,1,4.047493616513519,5yo
6,shapenet1392,familiar,telephone,1,1.3514866762942204,5yo
6,shapenet904,familiar,loudspeaker,1,5.892665776538812,5yo
6,shapenet950,familiar,cabinet,1,2.189788342654394,5yo
6,shapenet1460,familiar,telephone,1,5.480929827361352,5yo
6,shapenet1413,familiar,bench,1,2.4152865602312694,5yo
6,shapenet469,familiar,loudspeaker,0,3.0904568289336765,5yo
6,shapenet1451,familiar,display,1,2.569992521557048,5yo
6,shapenet697,familiar,chair,1,3.650445305521758,5yo
6,shapenet1312,familiar,chair,1,1.7805683557804781,5yo
6,shapenet1285,familiar,cabinet,1,1.0872038100896444,5yo
6,shapenet782,familiar,chair,1,5.274408462349947,5yo
6,shapenet708,familiar,bench,1,5.862167363400047,5yo
6,shapegen1507,novel,abstract4,0,2.7283058216846476,5yo
6,shapegen1554,novel,abstract4,1,2.315588318321953,5yo
6,shapegen2205,novel,abstract4,1,3.0548795976117438,5yo
6,shapegen2260,novel,abstract4,0,2.0302818710536275,5yo
6,shapegen2267,novel,abstract4,1,3.9465264239115236,5yo
6,shapegen2132,novel,abstract4,1,2.8568732977949014,5yo
6,shapegen2249,novel,abstract4,0,2.69016781043061,5yo
6,shapegen2326,novel,abstract4,0,2.587311438912432,5yo
7,training_00,training,chair_vs_loudspeaker,1,3.9997368110328213,5yo
7,training_01,training,chair_vs_loudspeaker,1,1.6298543484843577,5yo
7,training_02,training,chair_vs_abstract4,1,3.473140836043136,5yo
7,training_03,training,lamp_vs_chair,1,2.58045415716244,5yo
7,training_04,training,lamp_vs_loudspeaker,1,2.1372642985432053,5yo
7,training_05,training,lamp_vs_abstract4,1,1.3968430477396026,5yo
7,shapenet1357,warmup,chair,0,3.959049406084743,5yo
7,shapenet942,warmup,chair,1,1.9579795428840892,5yo
7,shapenet1263,warmup,chair,1,2.6831181721103428,5yo
7,shapenet431,warmup,lamp,1,1.9930053997730883,5yo
7,shapenet1477,warmup,lamp,1,3.491319417046248,5yo
7,shapenet1053,warmup,lamp,1,1.0640197851788213,5yo
7,shapenet1147,warmup,bench,0,1.975854780851586,5yo
7,shapenet886,warmup,bench,1,3.5265611927829,5yo
7,shapenet1082,familiar,lamp,1,2.109620349521211,5yo
7,shapenet1392,familiar,telephone,1,1.2533226744456554,5yo
7,shapenet904,familiar,loudspeaker,1,2.2062778343031453,5yo
7,shapenet950,familiar,cabinet,1,3.34929104511481,5yo
7,shapenet1460,familiar,telephone,0,1.7533745287194458,5yo
7,shapenet1413,familiar,bench,0,2.7673683561778404,5yo
7,shapenet469,familiar,loudspeaker,1,2.770208854105738,5yo
7,shapenet1451,familiar,display,1,6.419981237904228,5yo
7,shapenet697,familiar,chair,1,2.025853807795994,5yo
7,shapenet1312,familiar,chair,1,6.054377998384525,5yo
7,shapenet1285,familiar,cabinet,1,2.0309392473909123,5yo
7,shapenet782,familiar,chair,1,3.784073765329586,5yo
7,shapenet708,familiar,bench,0,2.5825029819422483,5yo
7,shapegen1507,novel,abstract4,1,2.736725397294057,5yo
7,shapegen1554,novel,abstract4,1,1.777501784343159,5yo
7,shapegen2205,novel,abstract4,0,4.264429835466407,5yo
7,shapegen2260,novel,abstract4,0,5.236870855064115,5yo
7,shapegen2267,novel,abstract4,1,4.198294527881222,5yo
7,shapegen2132,novel,abstract4,1,2.471284535779885,5yo
7,shapegen2249,novel,abstract4,0,2.8529698833402164,5yo
7,shapegen2326,novel,abstract4,0,3.080321725514663,5yo
8,training_00,training,chair_vs_loudspeaker,1,1.2233914523768887,5yo
8,training_01,training,chair_vs_loudspeaker,1,4.893889987494971,5yo
8,training_02,training,chair_vs_abstract4,1,3.6990104667121804,5yo
8,training_03,training,lamp_vs_chair,1,2.428717888394491,5yo
8,training_04,training,lamp_vs_loudspeaker,0,3.355540289280958,5yo
8,training_05,training,lamp_vs_abstract4,1,2.8214904497307556,5yo
8,shapenet1357,warmup,chair,1,3.5045527998513974,5yo
8,shapenet942,warmup,chair,1,1.8768606341641751,5yo
8,shapenet1263,warmup,chair,0,2.1204191988343934,5yo
8,shapenet431,warmup,lamp,1,3.8889415543889307,5yo
8,shapenet1477,warmup,lamp,1,5.397737468718734,5yo
8,shapenet1053,warmup,lamp,1,3.9286791201325877,5yo
8,shapenet1147,warmup,bench,1,3.9298328643723734,5yo
8,shapenet886,warmup,bench,1,1.8420413840442822,5yo
8,shapenet1082,familiar,lamp,1,3.949768388819458,5yo
8,shapenet1392,familiar,telephone,0,1.6535952699399046,5yo
8,shapenet904,familiar,loudspeaker,1,4.8456065176503635,5yo
8,shapenet950,familiar,cabinet,1,3.4615621449084193,5yo
8,shapenet1460,familiar,telephone,0,2.6287212228586014,5yo
8,shapenet1413,familiar,bench,0,1.154403262532286,5yo
8,shapenet469,familiar,loudspeaker,1,2.592775930854655,5yo
8,shapenet1451,familiar,display,1,2.9597751834374626,5yo
8,shapenet697,familiar,chair,1,3.0938560108604714,5yo
8,shapenet1312,familiar,chair,1,2.6447084315987803,5yo
8,shapenet1285,familiar,cabinet,1,2.338814609117134,5yo
8,shapenet782,familiar,chair,1,2.0211326797681446,5yo
8,shapenet708,familiar,bench,0,6.20440971194961,5yo
8,shapegen1507,novel,abstract4,1,8.132672832616947,5yo
8,shapegen1554,novel,abstract4,1,3.6921638563322636,5yo
8,shapegen2205,novel,abstract4,1,2.3604670989640177,5yo
8,shapegen2260,novel,abstract4,0,2.0905768375514353,5yo
8,shapegen2267,novel,abstract4,0,2.980437114787336,5yo
8,shapegen2132,novel,abstract4,1,7.953223946280518,5yo
8,shapegen2249,novel,abstract4,0,3.7736565091757632,5yo
8,shapegen2326,novel,abstract4,0,5.7539180485930785,5yo
9,training_00,training,chair_vs_loudspeaker,1,1.6039882306021775,5yo
9,training_01,training,chair_vs_loudspeaker,1,3.733167103178938,5yo
9,training_02,training,chair_vs_abstract4,1,1.2617192251129243,5yo
9,training_03,training,lamp_vs_chair,1,1.5697357035428676,5yo
9,training_04,training,lamp_vs_loudspeaker,1,2.5148232553640173,5yo
9,training_05,training,lamp_vs_abstract4,1,1.8646864584070464,5yo
9,shapenet1357,warmup,chair,1,2.944787866299066,5yo
9,shapenet942,warmup,chair,1,1.4500994017812638,5yo
9,shapenet1263,warmup,chair,1,1.8486879233115419,5yo
9,shapenet431,warmup,lamp,1,3.418818194653681,5yo
9,shapenet1477,warmup,lamp,1,9.026839187314872,5yo
9,shapenet1053,warmup,lamp,1,4.922022900640097,5yo
9,shapenet1147,warmup,bench,1,1.2719397928509244,5yo
9,shapenet886,warmup,bench,1,2.2892229132686994,5yo
9,shapenet1082,familiar,lamp,1,2.262998391728226,5yo
9,shapenet1392,familiar,telephone,1,2.947899377884279,5yo
9,shapenet904,familiar,loudspeaker,1,3.383488384289536,5yo
9,shapenet950,familiar,cabinet,0,2.321927305503981,5yo
9,shapenet1460,familiar,telephone,1,4.720259662379699,5yo
9,shapenet1413,familiar,bench,1,5.144630736915176,5yo
9,shapenet469,familiar,loudspeaker,1,4.998347448819889,5yo
9,shapenet1451,familiar,display,1,1.9791273040287352,5yo
9,shapenet697,familiar,chair,1,3.463412190396307,5yo
9,shapenet1312,familiar,chair,1,4.765247497948554,5yo
9,shapenet1285,familiar,cabinet,0,4.323871306212783,5yo
9,shapenet782,familiar,chair,1,4.180944344315489,5yo
9,shapenet708,familiar,bench,1,5.7145980323225665,5yo
9,shapegen1507,novel,abstract4,1,2.7485642542318613,5yo
9,shapegen1554,novel,abstract4,0,1.5460842925898461,5yo
9,shapegen2205,novel,abstract4,0,2.958418882638899,5yo
9,shapegen2260,novel,abstract4,0,3.033772649752251,5yo
9,shapegen2267,novel,abstract4,1,10.670517409777828,5yo
9,shapegen2132,novel,abstract4,1,2.5316926631557073,5yo
9,shapegen2249,novel,abstract4,1,5.749406341845828,5yo
9,shapegen2326,novel,abstract4,1,9.423029156771438,5yo
10,training_00,training,chair_vs_loudspeaker,1,1.5159211457292872,5yo
10,training_01,training,chair_vs_loudspeaker,1,1.3597024782668723,5yo
10,training_02,training,chair_vs_abstract4,1,2.581256859495367,5yo
10,training_03,training,lamp_vs_chair,1,3.9429095652429185,5yo
10,training_04,training,lamp_vs_loudspeaker,1,1.7495729337085426,5yo
10,training_05,training,lamp_vs_abstract4,1,5.852072276346806,5yo
10,shapenet1357,warmup,chair,1,1.0450589627750728,5yo
10,shapenet942,warmup,chair,0,3.7416532905794058,5yo
10,shapenet1263,warmup,chair,1,2.1970824493093946,5yo
10,shapenet431,warmup,lamp,1,2.424212871174583,5yo
10,shapenet1477,warmup,lamp,1,4.50947662148226,5yo
10,shapenet1053,warmup,lamp,1,1.5323965098262202,5yo
10,shapenet1147,warmup,bench,1,0.9419519392523799,5yo
10,shapenet886,warmup,bench,0,1.5299166991779278,5yo
10,shapenet1082,familiar,lamp,1,3.298225771410001,5yo
10,shapenet1392,familiar,telephone,0,1.9247709558105714,5yo
10,shapenet904,familiar,loudspeaker,1,2.755640648889813,5yo
10,shapenet950,familiar,cabinet,1,2.3936369253204965,5yo
10,shapenet1460,familiar,telephone,1,1.1806233515131495,5yo
10,shapenet1413,familiar,bench,1,2.1958610963727527,5yo
10,shapenet469,familiar,loudspeaker,1,2.7163117278219517,5yo
10,shapenet1451,familiar,display,1,4.605512202065634,5yo
10,shapenet697,familiar,chair,1,7.330531831870502,5yo
10,shapenet1312,familiar,chair,1,2.1055787450629944,5yo
10,shapenet1285,familiar,cabinet,0,3.2313837133242216,5yo
10,shapenet782,familiar,chair,0,3.7627938719227525,5yo
10,shapenet708,familiar,bench,1,8.983015485067325,5yo
10,shapegen1507,novel,abstract4,0,2.648116566008174,5yo
10,shapegen1554,novel,abstract4,1,2.32299571232371,5yo
10,shapegen2205,novel,abstract4,1,2.8724371431925158,5yo
10,shapegen2260,novel,abstract4,1,2.315671055229306,5yo
10,shapegen2267,novel,abstract4,1,4.582636680534984,5yo
10,shapegen2132,novel,abstract4,1,5.291057328663041,5yo
10,shapegen2249,novel,abstract4,0,3.790978811266673,5yo
10,shapegen2326,novel,abstract4,1,3.6732111682764628,5yo
11,training_00,training,chair_vs_loudspeaker,1,2.3527143282676914,5yo
11,training_01,training,chair_vs_loudspeaker,1,2.0001709552462796,5yo
11,training_02,training,chair_vs_abstract4,1,1.3175517649320172,5yo
11,training_03,training,lamp_vs_chair,1,3.796605970534858,5yo
11,training_04,training,lamp_vs_loudspeaker,1,2.5490192023403346,5yo
11,training_05,training,lamp_vs_abstract4,1,3.6176140300285313,5yo
11,shapenet1357,warmup,chair,1,3.160053380449696,5yo
11,shapenet942,warmup,chair,1,3.344513100869689,5yo
11,shapenet1263,warmup,chair,1,1.8029474317617384,5yo
11,shapenet431,warmup,lamp,1,8.504568741042743,5yo
11,shapenet1477,warmup,lamp,0,3.302886035337794,5yo
11,shapenet1053,warmup,lamp,1,4.836225735065036,5yo
11,shapenet1147,warmup,bench,0,2.504252733441429,5yo
11,shapenet886,warmup,bench,1,1.9938197295090097,5yo
11,shapenet1082,familiar,lamp,1,4.371913740119887,5yo
11,shapenet1392,familiar,telephone,1,1.6924285226782687,5yo
11,shapenet904,familiar,loudspeaker,1,5.950390426359851,5yo
11,shapenet950,familiar,cabinet,1,2.6907572980541556,5yo
11,shapenet1460,familiar,telephone,1,4.300036497724291,5yo
11,shapenet1413,familiar,bench,1,3.462191502762982,5yo
11,shapenet469,familiar,loudspeaker,1,5.150170934607225,5yo
11,shapenet1451,familiar,display,0,5.293084106083668,5yo
11,shapenet697,familiar,chair,1,3.2907018673133925,5yo
11,shapenet1312,familiar,chair,0,1.5076540119542143,5yo
11,shapenet1285,familiar,cabinet,0,6.562068735619891,5yo
11,shapenet782,familiar,chair,1,1.6330563241242841,5yo
11,shapenet708,familiar,bench,1,3.7534308401730976,5yo
11,shapegen1507,novel,abstract4,0,6.347465612868042,5yo
11,shapegen1554,novel,abstract4,1,4.337407529813073,5yo
11,shapegen2205,novel,abstract4,1,2.5889345104673676,5yo
11,shapegen2260,novel,abstract4,1,3.756981164592233,5yo
11,shapegen2267,novel,abstract4,1,2.6781957006966715,5yo
11,shapegen2132,novel,abstract4,1,2.6411141359057813,5yo
11,shapegen2249,novel,abstract4,1,3.8445761048468867,5yo
11,shapegen2326,novel,abstract4,1,1.098069452744733,5yo
12,training_00,training,chair_vs_loudspeaker,1,2.3394783046623107,5yo
12,training_01,training,chair_vs_loudspeaker,1,1.5879460233923868,5yo
12,training_02,training,chair_vs_abstract4,1,2.826742556201609,5yo
12,training_03,training,lamp_vs_chair,1,2.2795386924155747,5yo
12,training_04,training,lamp_vs_loudspeaker,1,5.695323570663961,5yo
12,training_05,training,lamp_vs_abstract4,1,2.890331486138342,5yo
12,shapenet1357,warmup,chair,0,2.08738993944586,5yo
12,shapenet942,warmup,chair,1,3.7619842452072794,5yo
12,shapenet1263,warmup,chair,1,1.24432004505364,5yo
12,shapenet431,warmup,lamp,1,2.7437663675774493,5yo
12,shapenet1477,warmup,lamp,0,3.001564268383053,5yo
12,shapenet1053,warmup,lamp,1,2.757903495384446,5yo
12,shapenet1147,warmup,bench,1,1.8226751592394035,5yo
12,shapenet886,warmup,bench,1,2.722213013298385,5yo
12,shapenet1082,familiar,lamp,1,1.8115625004675344,5yo
12,shapenet1392,familiar,telephone,1,6.631617985326092,5yo
12,shapenet904,familiar,loudspeaker,1,3.1422802322927876,5yo
12,shapenet950,familiar,cabinet,0,3.7569700881464616,5yo
12,shapenet1460,familiar,telephone,1,1.5968763146707572,5yo
12,shapenet1413,familiar,bench,1,2.3175614239992646,5yo
12,shapenet469,familiar,loudspeaker,1,3.9535337027407667,5yo
12,shapenet1451,familiar,display,1,4.774829380965535,5yo
12,shapenet697,familiar,chair,1,1.9965130500774775,5yo
12,shapenet1312,familiar,chair,0,1.6566396981332052,5yo
12,shapenet1285,familiar,cabinet,0,3.7490223101658833,5yo
12,shapenet782,familiar,chair,0,2.556249980782022,5yo
12,shapenet708,familiar,bench,1,1.5037926144778166,5yo
12,shapegen1507,novel,abstract4,0,1.5713187414662564,5yo
12,shapegen1554,novel,abstract4,1,2.5832161572394785,5yo
12,shapegen2205,novel,abstract4,0,5.490017769662648,5yo
12,shapegen2260,novel,abstract4,1,5.802752372784081,5yo
12,shapegen2267,novel,abstract4,0,3.8389599844098456,5yo
12,shapegen2132,novel,abstract4,0,3.631873705435238,5yo
12,shapegen2249,novel,abstract4,1,2.866428832176641,5yo
12,shapegen2326,novel,abstract4,1,1.2502661570819862,5yo
13,training_00,training,chair_vs_loudspeaker,1,4.600280959284053,5yo
13,training_01,training,chair_vs_loudspeaker,0,4.090375733936469,5yo
13,training_02,training,chair_vs_abstract4,1,1.3061175738327186,5yo
13,training_03,training,lamp_vs_chair,1,3.695838577236355,5yo
13,training_04,training,lamp_vs_loudspeaker,1,1.0134371828454958,5yo
13,training_05,training,lamp_vs_abstract4,1,7.024827652687282,5yo
13,shapenet1357,warmup,chair,1,1.4110247227990669,5yo
13,shapenet942,warmup,chair,1,4.471012723468113,5yo
13,shapenet1263,warmup,chair,1,1.9633791099368112,5yo
13,shapenet431,warmup,lamp,1,3.4287304923335715,5yo
13,shapenet1477,warmup,lamp,1,5.788691378533388,5yo
13,shapenet1053,warmup,lamp,1,2.3106898822861215,5yo
13,shapenet1147,warmup,bench,1,7.800504405712178,5yo
13,shapenet886,warmup,bench,1,5.869639150028947,5yo
13,shapenet1082,familiar,lamp,1,1.5401296664887383,5yo
13,shapenet1392,familiar,telephone,1,2.987664420603698,5yo
13,shapenet904,familiar,loudspeaker,1,2.6985748375350127,5yo
13,shapenet950,familiar,cabinet,0,3.0775954497032876,5yo
13,shapenet1460,familiar,telephone,0,2.542697966184214,5yo
13,shapenet1413,familiar,bench,1,2.0021569258359375,5yo
13,shapenet469,familiar,loudspeaker,1,2.9079412297656115,5yo
13,shapenet1451,familiar,display,1,3.8806859517873074,5yo
13,shapenet697,familiar,chair,0,0.9659894528267274,5yo
13,shapenet1312,familiar,chair,1,4.556557670889752,5yo
13,shapenet1285,familiar,cabinet,1,3.2492949148342514,5yo
13,shapenet782,familiar,chair,0,6.029912613496639,5yo
13,shapenet708,familiar,bench,0,2.454290514578916,5yo
13,shapegen1507,novel,abstract4,0,2.61271099551416,5yo
13,shapegen1554,novel,abstract4,1,2.368767904761611,5yo
13,shapegen2205,novel,abstract4,1,4.27604524342384,5yo
13,shapegen2260,novel,abstract4,0,1.480251633796685,5yo
13,shapegen2267,novel,abstract4,1,2.4389855265846663,5yo
13,shapegen2132,novel,abstract4,1,3.6983337949066892,5yo
13,shapegen2249,novel,abstract4,1,1.7293745674509693,5yo
13,shapegen2326,novel,abstract4,1,3.526238175325924,5yo
14,training_00,training,chair_vs_loudspeaker,1,2.1057735034493006,5yo
14,training_01,training,chair_vs_loudspeaker,1,3.4650639214988397,5yo
14,training_02,training,chair_vs_abstract4,1,2.7424409961363834,5yo
14,training_03,training,lamp_vs_chair,0,2.4169825426178155,5yo
14,training_04,training,lamp_vs_loudspeaker,1,2.960228110474978,5yo
14,training_05,training,lamp_vs_abstract4,1,1.8761631025438394,5yo
14,shapenet1357,warmup,chair,1,2.295671294759055,5yo
14,shapenet942,warmup,chair,1,3.1848734779069496,5yo
14,shapenet1263,warmup,chair,1,2.6002184067957756,5yo
14,shapenet431,warmup,lamp,1,4.363545185031721,5yo
14,shapenet1477,warmup,lamp,1,3.7129244619891164,5yo
14,shapenet1053,warmup,lamp,1,3.702939076077264,5yo
14,shapenet1147,warmup,bench,1,3.344698843246,5yo
14,shapenet886,warmup,bench,1,2.828945134041189,5yo
14,shapenet1082,familiar,lamp,0,4.209427516916789,5yo
14,shapenet1392,familiar,telephone,0,4.80548915217327,5yo
14,shapenet904,familiar,loudspeaker,1,3.5507480275920775,5yo
14,shapenet950,familiar,cabinet,0,2.0659953073793,5yo
14,shapenet1460,familiar,telephone,1,3.020025146315901,5yo
14,shapenet1413,familiar,bench,1,1.5493835854236842,5yo
14,shapenet469,familiar,loudspeaker,1,5.343553576820633,5yo
14,shapenet1451,familiar,display,1,4.216986488693827,5yo
14,shapenet697,familiar,chair,1,2.0550304311693584,5yo
14,shapenet1312,familiar,chair,0,2.2435260391206775,5yo
14,shapenet1285,familiar,cabinet,0,5.468026560650638,5yo
14,shapenet782,familiar,chair,0,2.1891945733101665,5yo
14,shapenet708,familiar,bench,0,1.516778765592832,5yo
14,shapegen1507,novel,abstract4,1,2.008193166544206,5yo
14,shapegen1554,novel,abstract4,1,2.963798918924879,5yo
14,shapegen2205,novel,abstract4,1,2.755394422312293,5yo
14,shapegen2260,novel,abstract4,0,2.8521462323950733,5yo
14,shapegen2267,novel,abstract4,0,4.66763874155146,5yo
14,shapegen2132,novel,abstract4,0,2.621204249878958,5yo
14,shapegen2249,novel,abstract4,0,4.089085201818986,5yo
14,shapegen2326,novel,abstract4,0,2.0287043484254492,5yo
15,training_00,training,chair_vs_loudspeaker,1,5.981261406489648,5yo
15,training_01,training,chair_vs_loudspeaker,1,2.085456722198126,5yo
15,training_02,training,chair_vs_abstract4,1,2.576126404002907,5yo
15,training_03,training,lamp_vs_chair,1,3.1917938744189587,5yo
15,training_04,training,lamp_vs_loudspeaker,1,1.8242549644507955,5yo
15,training_05,training,lamp_vs_abstract4,1,3.2332223143315915,5yo
15,shapenet1357,warmup,chair,1,4.364747248018206,5yo
15,shapenet942,warmup,chair,0,2.3722390059205916,5yo
15,shapenet1263,warmup,chair,0,5.86172389186252,5yo
15,shapenet431,warmup,lamp,1,3.0283340935836303,5yo
15,shapenet1477,warmup,lamp,1,2.2370321251445646,5yo
15,shapenet1053,warmup,lamp,1,2.7088029867338927,5yo
15,shapenet1147,warmup,bench,1,5.861772587508319,5yo
15,shapenet886,warmup,bench,1,3.083225173268209,5yo
15,shapenet1082,familiar,lamp,0,3.5441435498264555,5yo
15,shapenet1392,familiar,telephone,1,3.6993099605454365,5yo
15,shapenet904,familiar,loudspeaker,1,4.558851230817403,5yo
15,shapenet950,familiar,cabinet,1,3.518062363381041,5yo
15,shapenet1460,familiar,telephone,1,3.931324493271196,5yo
15,shapenet1413,familiar,bench,1,3.0894697360710195,5yo
15,shapenet469,familiar,loudspeaker,1,3.2529308332757765,5yo
15,shapenet1451,familiar,display,1,4.681925573587471,5yo
15,shapenet697,familiar,chair,1,2.153133680261703,5yo
15,shapenet1312,familiar,chair,1,3.0223243299687352,5yo
15,shapenet1285,familiar,cabinet,0,2.65487197433207,5yo
15,shapenet782,familiar,chair,1,1.6153511525771886,5yo
15,shapenet708,familiar,bench,1,1.701125949598488,5yo
15,shapegen1507,novel,abstract4,1,3.403239828934063,5yo
15,shapegen1554,novel,abstract4,1,5.416277214462068,5yo
15,shapegen2205,novel,abstract4,1,3.723066427687046,5yo
15,shapegen2260,novel,abstract4,0,2.6249808133619332,5yo
15,shapegen2267,novel,abstract4,1,6.344277421153478,5yo
15,shapegen2132,novel,abstract4,1,2.8462609547326942,5yo
15,shapegen2249,novel,abstract4,0,2.15964550059889,5yo
15,shapegen2326,novel,abstract4,1,7.69171200921206,5yo
16,training_00,training,chair_vs_loudspeaker,1,2.2072665770940625,5yo
16,training_01,training,chair_vs_loudspeaker,0,2.23104392735719,5yo
16,training_02,training,chair_vs_abstract4,1,1.1722141520317404,5yo
16,training_03,training,lamp_vs_chair,1,1.838787440925296,5yo
16,training_04,training,lamp_vs_loudspeaker,0,2.741378653926382,5yo
16,training_05,training,lamp_vs_abstract4,1,3.000567909298233,5yo
16,shapenet1357,warmup,chair,1,2.780832124036199,5yo
16,shapenet942,warmup,chair,0,2.2835584612013076,5yo
16,shapenet1263,warmup,chair,1,2.6399680053096413,5yo
16,shapenet431,warmup,lamp,1,1.6269059968396327,5yo
16,shapenet1477,warmup,lamp,1,5.0054274481571115,5yo
16,shapenet1053,warmup,lamp,1,3.7391909745190617,5yo
16,shapenet1147,warmup,bench,1,2.4783472277817715,5yo
16,shapenet886,warmup,bench,1,2.119764137723212,5yo
16,shapenet1082,familiar,lamp,1,7.044650018240461,5yo
16,shapenet1392,familiar,telephone,1,2.27697218559843,5yo
16,shapenet904,familiar,loudspeaker,0,2.717413120005175,5yo
16,shapenet950,familiar,cabinet,0,5.883605855438177,5yo
16,shapenet1460,familiar,telephone,1,3.3434280978054325,5yo
16,shapenet1413,familiar,bench,0,1.4387197741250302,5yo
16,shapenet469,familiar,loudspeaker,0,3.4043649066184978,5yo
16,shapenet1451,familiar,display,1,2.3211481985205156,5yo
16,shapenet697,familiar,chair,1,1.5773630141188868,5yo
16,shapenet1312,familiar,chair,0,2.3692221658176154,5yo
16,shapenet1285,familiar,cabinet,1,1.8525592475442083,5yo
16,shapenet782,familiar,chair,1,2.09560446631199,5yo
16,shapenet708,familiar,bench,1,3.3240971541483275,5yo
16,shapegen1507,novel,abstract4,1,1.8612876113463717,5yo
16,shapegen1554,novel,abstract4,1,5.113483459047874,5yo
16,shapegen2205,novel,abstract4,0,2.9513488563692922,5yo
16,shapegen2260,novel,abstract4,1,2.44209117661009,5yo
16,shapegen2267,novel,abstract4,0,2.937272869922231,5yo
16,shapegen2132,novel,abstract4,1,2.1012409731894492,5yo
16,shapegen2249,novel,abstract4,1,2.099184707969752,5yo
16,shapegen2326,novel,abstract4,1,2.842595999879817,5yo
17,training_00,training,chair_vs_loudspeaker,0,3.972786081518718,5yo
17,training_01,training,chair_vs_loudspeaker,1,2.0171379638934095,5yo
17,training_02,training,chair_vs_abstract4,1,2.440372859015848,5yo
17,training_03,training,lamp_vs_chair,1,4.479146038480377,5yo
17,training_04,training,lamp_vs_loudspeaker,0,2.2793246371761513,5yo
17,training_05,training,lamp_vs_abstract4,1,1.657546940858685,5yo
17,shapenet1357,warmup,chair,1,1.7412637098583383,5yo
17,shapenet942,warmup,chair,1,3.956050063585713,5yo
17,shapenet1263,warmup,chair,1,0.9517393975991488,5yo
17,shapenet431,warmup,lamp,1,2.0645847125137213,5yo
17,shapenet1477,warmup,lamp,1,1.7357107892970631,5yo
17,shapenet1053,warmup,lamp,1,3.7105561880396185,5yo
17,shapenet1147,warmup,bench,1,4.6680831703630865,5yo
17,shapenet886,warmup,bench,1,2.3542500048669486,5yo
17,shapenet1082,familiar,lamp,1,2.1409759603238054,5yo
17,shapenet1392,familiar,telephone,1,2.8148341644224186,5yo
17,shapenet904,familiar,loudspeaker,1,3.5992392722260362,5yo
17,shapenet950,familiar,cabinet,1,3.8422584033885157,5yo
17,shapenet1460,familiar,telephone,1,2.8148474212574532,5yo
17,shapenet1413,familiar,bench,0,5.402837664220057,5yo
17,shapenet469,familiar,loudspeaker,1,2.3182052976312155,5yo
17,shapenet1451,familiar,display,1,2.519574710403033,5yo
17,shapenet697,familiar,chair,0,2.576245764787446,5yo
17,shapenet1312,familiar,chair,0,3.3899653328407573,5yo
17,shapenet1285,familiar,cabinet,0,4.4065450579861185,5yo
17,shapenet782,familiar,chair,1,1.7041143722603906,5yo
17,shapenet708,familiar,bench,1,1.8160812465778038,5yo
17,shapegen1507,novel,abstract4,1,3.8643671646898285,5yo
17,shapegen1554,novel,abstract4,0,2.0748910902718647,5yo
17,shapegen2205,novel,abstract4,1,2.982381241794112,5yo
17,shapegen2260,novel,abstract4,1,2.904150868247329,5yo
17,shapegen2267,novel,abstract4,1,5.756740471658396,5yo
17,shapegen2132,novel,abstract4,0,7.178794158296019,5yo
17,shapegen2249,novel,abstract4,1,2.7143444576373477,5yo
17,shapegen2326,novel,abstract4,1,4.297430592222715,5yo
18,training_00,training,chair_vs_loudspeaker,1,1.3411316049074558,5yo
18,training_01,training,chair_vs_loudspeaker,1,3.7030993662516556,5yo
18,training_02,training,chair_vs_abstract4,1,1.6839076826486121,5yo
18,training_03,training,lamp_vs_chair,1,1.1858198420575232,5yo
18,training_04,training,lamp_vs_loudspeaker,1,1.7362281675964444,5yo
18,training_05,training,lamp_vs_abstract4,1,1.962414342586496,5yo
18,shapenet1357,warmup,chair,1,1.612731549160254,5yo
18,shapenet942,warmup,chair,1,2.547346440448557,5yo
18,shapenet1263,warmup,chair,0,3.503414509100829,5yo
18,shapenet431,warmup,lamp,1,1.8081395662024227,5yo
18,shapenet1477,warmup,lamp,0,5.211549244841811,5yo
18,shapenet1053,warmup,lamp,1,7.7053064089996814,5yo
18,shapenet1147,warmup,bench,1,2.3272853212579125,5yo
18,shapenet886,warmup,bench,1,3.3993269549715395,5yo
18,shapenet1082,familiar,lamp,0,3.5495942717849642,5yo
18,shapenet1392,familiar,telephone,0,2.8125909561371807,5yo
18,shapenet904,familiar,loudspeaker,1,2.683510111240398,5yo
18,shapenet950,familiar,cabinet,1,1.4103430002559696,5yo
18,shapenet1460,familiar,telephone,0,2.803507483076596,5yo
18,shapenet1413,familiar,bench,1,4.2607161820144315,5yo
18,shapenet469,familiar,loudspeaker,0,2.307412153766106,5yo
18,shapenet1451,familiar,display,1,0.8108446363225067,5yo
18,shapenet697,familiar,chair,0,5.907807095095206,5yo
18,shapenet1312,familiar,chair,0,3.5765047650425603,5yo
18,shapenet1285,familiar,cabinet,1,5.0192555208378815,5yo
18,shapenet782,familiar,chair,1,2.7093508594603635,5yo
18,shapenet708,familiar,bench,0,3.2127102117224475,5yo
18,shapegen1507,novel,abstract4,0,4.371077227891389,5yo
18,shapegen1554,novel,abstract4,0,2.910078271491699,5yo
18,shapegen2205,novel,abstract4,1,5.52918069316215,5yo
18,shapegen2260,novel,abstract4,1,2.6337893434295743,5yo
18,shapegen2267,novel,abstract4,0,8.091956031054238,5yo
18,shapegen2132,novel,abstract4,1,2.027727476713592,5yo
18,shapegen2249,novel,abstract4,0,4.209875857704088,5yo
18,shapegen2326,novel,abstract4,1,2.5178235473790758,5yo
19,training_00,training,chair_vs_loudspeaker,1,2.120522184037281,5yo
19,training_01,training,chair_vs_loudspeaker,0,1.4845641085269985,5yo
19,training_02,training,chair_vs_abstract4,1,0.6894955960303922,5yo
19,training_03,training,lamp_vs_chair,1,1.4004307191519092,5yo
19,training_04,training,lamp_vs_loudspeaker,1,3.2367249268786864,5yo
19,training_05,training,lamp_vs_abstract4,1,3.1009222194920008,5yo
19,shapenet1357,warmup,chair,1,1.5237158873247987,5yo
19,shapenet942,warmup,chair,1,3.218069963627912,5yo
19,shapenet1263,warmup,chair,1,1.8799209331297961,5yo
19,shapenet431,warmup,lamp,1,1.1255928167177551,5yo
19,shapenet1477,warmup,lamp,1,3.8359651487044943,5yo
19,shapenet1053,warmup,lamp,1,4.09232491307483,5yo
19,shapenet1147,warmup,bench,1,2.030311809359979,5yo
19,shapenet886,warmup,bench,1,4.391074715646685,5yo
19,shapenet1082,familiar,lamp,1,2.874872086105891,5yo
19,shapenet1392,familiar,telephone,0,3.1233619412073566,5yo
19,shapenet904,familiar,loudspeaker,0,2.802029043724617,5yo
19,shapenet950,familiar,cabinet,1,1.7360161457846104,5yo
19,shapenet1460,familiar,telephone,1,2.6699560552212644,5yo
19,shapenet1413,familiar,bench,1,1.7680601595155854,5yo
19,shapenet469,familiar,loudspeaker,1,3.7792374760983667,5yo
19,shapenet1451,familiar,display,1,3.9702947520626237,5yo
19,shapenet697,familiar,chair,0,1.2849887437682128,5yo
19,shapenet1312,familiar,chair,1,3.8968443833025175,5yo
19,shapenet1285,familiar,cabinet,1,2.879181702532556,5yo
19,shapenet782,familiar,chair,0,1.3979649684450197,5yo
19,shapenet708,familiar,bench,1,3.2617619784021894,5yo
19,shapegen1507,novel,abstract4,0,2.8653600861902295,5yo
19,shapegen1554,novel,abstract4,1,2.4613395457794733,5yo
19,shapegen2205,novel,abstract4,1,2.014353463960409,5yo
19,shapegen2260,novel,abstract4,1,3.9505783975374436,5yo
19,shapegen2267,novel,abstract4,0,3.4991431461173583,5yo
19,shapegen2132,novel,abstract4,0,3.57408227203757,5yo
19,shapegen2249,novel,abstract4,1,5.585570552009367,5yo
19,shapegen2326,novel,abstract4,0,6.662515564561481,5yo
0,training_00,training,chair_vs_loudspeaker,1,1.7474096266288024,6yo
0,training_01,training,chair_vs_loudspeaker,1,2.7762118953388346,6yo
0,training_02,training,chair_vs_abstract4,1,1.56966400848953,6yo
0,training_03,training,lamp_vs_chair,1,5.272999097439795,6yo
0,training_04,training,lamp_vs_loudspeaker,1,2.831614365916397,6yo
0,training_05,training,lamp_vs_abstract4,0,2.0246321251622024,6yo
0,shapenet1357,warmup,chair,1,4.428069335724728,6yo
0,shapenet942,warmup,chair,1,1.7665804299507306,6yo
0,shapenet1263,warmup,chair,1,3.4011017610945555,6yo
0,shapenet431,warmup,lamp,1,2.3419277683785276,6yo
0,shapenet1477,warmup,lamp,1,2.478758086115511,6yo
0,shapenet1053,warmup,lamp,1,5.599091753403176,6yo
0,shapenet1147,warmup,bench,0,7.624419734261063,6yo
0,shapenet886,warmup,bench,1,3.08084184892559,6yo
0,shapenet1082,familiar,lamp,1,2.123541465386878,6yo
0,shapenet1392,familiar,telephone,1,2.8242481040082827,6yo
0,shapenet904,familiar,loudspeaker,0,2.167327708898556,6yo
0,shapenet950,familiar,cabinet,1,2.2723579664638702,6yo
0,shapenet1460,familiar,telephone,0,3.153360733200203,6yo
0,shapenet1413,familiar,bench,1,2.207559563026425,6yo
0,shapenet469,familiar,loudspeaker,1,5.079274891704398,6yo
0,shapenet1451,familiar,display,1,2.7172300699860847,6yo
0,shapenet697,familiar,chair,1,2.908907340230186,6yo
0,shapenet1312,familiar,chair,1,2.3322822313202636,6yo
0,shapenet1285,familiar,cabinet,1,1.7149727045170902,6yo
0,shapenet782,familiar,chair,1,1.804537687837,6yo
0,shapenet708,familiar,bench,1,3.2973227339752826,6yo
0,shapegen1507,novel,abstract4,0,2.9179903394103985,6yo
0,shapegen1554,novel,abstract4,0,3.834792255721598,6yo
0,shapegen2205,novel,abstract4,0,5.339424065409889,6yo
0,shapegen2260,novel,abstract4,1,2.435086118990033,6yo
0,shapegen2267,novel,abstract4,1,8.887919468637017,6yo
0,shapegen2132,novel,abstract4,0,2.1907920814311996,6yo
0,shapegen2249,novel,abstract4,0,2.010103108751005,6yo
0,shapegen2326,novel,abstract4,1,5.007859285343324,6yo
1,training_00,training,chair_vs_loudspeaker,1,2.5290253087619274,6yo
1,training_01,training,chair_vs_loudspeaker,1,1.4474239426201285,6yo
1,training_02,training,chair_vs_abstract4,1,2.2447039641346307,6yo
1,training_03,training,lamp_vs_chair,0,4.093957733015069,6yo
1,training_04,training,lamp_vs_loudspeaker,1,1.059924297593481,6yo
1,training_05,training,lamp_vs_abstract4,1,2.3369881418818172,6yo
1,shapenet1357,warmup,chair,1,3.5783949997391162,6yo
1,shapenet942,warmup,chair,1,2.074978273078647,6yo
1,shapenet1263,warmup,chair,1,4.940558029085144,6yo
1,shapenet431,warmup,lamp,1,2.9099745475821472,6yo
1,shapenet1477,warmup,lamp,1,3.7419754820637574,6yo
1,shapenet1053,warmup,lamp,1,3.666272275651025,6yo
1,shapenet1147,warmup,bench,1,4.318161572372125,6yo
1,shapenet886,warmup,bench,1,2.415870197245355,6yo
1,shapenet1082,familiar,lamp,1,6.197800429343747,6yo
1,shapenet1392,familiar,telephone,1,2.867472934271041,6yo
1,shapenet904,familiar,loudspeaker,1,2.67681578263192,6yo
1,shapenet950,familiar,cabinet,1,2.6241487023517798,6yo
1,shapenet1460,familiar,telephone,1,2.540951841993387,6yo
1,shapenet1413,familiar,bench,1,2.5385853705610693,6yo
1,shapenet469,familiar,loudspeaker,1,3.0575849206689814,6yo
1,shapenet1451,familiar,display,1,3.0989102485651157,6yo
1,shapenet697,familiar,chair,1,3.079234895721906,6yo
1,shapenet1312,familiar,chair,1,2.725133340301792,6yo
1,shapenet1285,familiar,cabinet,0,4.209813011174984,6yo
1,shapenet782,familiar,chair,1,3.2234107488416166,6yo
1,shapenet708,familiar,bench,1,3.6078109242235827,6yo
1,shapegen1507,novel,abstract4,0,2.2429115547930376,6yo
1,shapegen1554,novel,abstract4,0,1.9531702303061418,6yo
1,shapegen2205,novel,abstract4,0,4.527137391976122,6yo
1,shapegen2260,novel,abstract4,1,4.869139838872833,6yo
1,shapegen2267,novel,abstract4,1,2.174268693407969,6yo
1,shapegen2132,novel,abstract4,0,2.0702475945774674,6yo
1,shapegen2249,novel,abstract4,1,5.8319249113618294,6yo
1,shapegen2326,novel,abstract4,1,2.7073235431181284,6yo
2,training_00,training,chair_vs_loudspeaker,1,1.6960856798703732,6yo
2,training_01,training,chair_vs_loudspeaker,1,4.183716506261981,6yo
2,training_02,training,chair_vs_abstract4,1,1.5139455244638111,6yo
2,training_03,training,lamp_vs_chair,1,3.097111807842333,6yo
2,training_04,training,lamp_vs_loudspeaker,1,1.2471402943007823,6yo
2,training_05,training,lamp_vs_abstract4,1,2.1142828421930013,6yo
2,shapenet1357,warmup,chair,1,2.743764411266293,6yo
2,shapenet942,warmup,chair,1,1.9533992243442908,6yo
2,shapenet1263,warmup,chair,1,5.548170741390157,6yo
2,shapenet431,warmup,lamp,1,4.077651528041399,6yo
2,shapenet1477,warmup,lamp,1,2.764261271656328,6yo
2,shapenet1053,warmup,lamp,1,0.7994826189622665,6yo
2,shapenet1147,warmup,bench,1,2.2903402188588573,6yo
2,shapenet886,warmup,bench,1,2.717835255895225,6yo
2,shapenet1082,familiar,lamp,0,3.080956327369655,6yo
2,shapenet1392,familiar,telephone,0,0.8818918954794766,6yo
2,shapenet904,familiar,loudspeaker,1,5.459650728576824,6yo
2,shapenet950,familiar,cabinet,0,3.5296739953106075,6yo
2,shapenet1460,familiar,telephone,1,1.0350740668521057,6yo
2,shapenet1413,familiar,bench,0,2.3715566375149093,6yo
2,shapenet469,familiar,loudspeaker,1,2.118395359894817,6yo
2,shapenet1451,familiar,display,1,2.9439098461257767,6yo
2,shapenet697,familiar,chair,1,2.6720846419379907,6yo
2,shapenet1312,familiar,chair,0,3.4512341731625065,6yo
2,shapenet1285,familiar,cabinet,1,1.2935570498665567,6yo
2,shapenet782,familiar,chair,1,3.145012648308437,6yo
2,shapenet708,familiar,bench,0,1.948777319913619,6yo
2,shapegen1507,novel,abstract4,1,2.5757098279034434,6yo
2,shapegen1554,novel,abstract4,1,3.155385598703328,6yo
2,shapegen2205,novel,abstract4,1,6.663114653544686,6yo
2,shapegen2260,novel,abstract4,1,4.156930628758496,6yo
2,shapegen2267,novel,abstract4,1,3.1242884014157166,6yo
2,shapegen2132,novel,abstract4,0,1.8584492427063068,6yo
2,shapegen2249,novel,abstract4,0,3.2882020054728978,6yo
2,shapegen2326,novel,abstract4,1,2.1823605897838294,6yo
3,training_00,training,chair_vs_loudspeaker,1,2.5980382069299797,6yo
3,training_01,training,chair_vs_loudspeaker,1,2.0565509947689313,6yo
3,training_02,training,chair_vs_abstract4,1,3.3683377319447083,6yo
3,training_03,training,lamp_vs_chair,1,3.3034011799417105,6yo
3,training_04,training,lamp_vs_loudspeaker,1,1.9700214266440652,6yo
3,training_05,training,lamp_vs_abstract4,1,2.9973371401670112,6yo
3,shapenet1357,warmup,chair,0,2.8225750912534595,6yo
3,shapenet942,warmup,chair,1,1.187374831289635,6yo
3,shapenet1263,warmup,chair,0,2.1999570211906736,6yo
3,shapenet431,warmup,lamp,1,1.239146342159962,6yo
3,shapenet1477,warmup,lamp,1,3.4129533453563057,6yo
3,shapenet1053,warmup,lamp,1,1.819037489399543,6yo
3,shapenet1147,warmup,bench,1,2.7807529481444764,6yo
3,shapenet886,warmup,bench,1,1.2072204571155143,6yo
3,shapenet1082,familiar,lamp,1,3.091149850417138,6yo
3,shapenet1392,familiar,telephone,1,2.7826815608909468,6yo
3,shapenet904,familiar,loudspeaker,1,3.628440518107629,6yo
3,shapenet950,familiar,cabinet,0,2.588465528271485,6yo
3,shapenet1460,familiar,telephone,1,3.0235056806012066,6yo
3,shapenet1413,familiar,bench,1,4.88734477141542,6yo
3,shapenet469,familiar,loudspeaker,0,4.489857102492024,6yo
3,shapenet1451,familiar,display,1,7.315707029222242,6yo
3,shapenet697,familiar,chair,1,8.343627512287762,6yo
3,shapenet1312,familiar,chair,1,9.257797838826344,6yo
3,shapenet1285,familiar,cabinet,1,2.935933939681301,6yo
3,shapenet782,familiar,chair,1,3.199207975812843,6yo
3,shapenet708,familiar,bench,0,7.132391244031703,6yo
3,shapegen1507,novel,abstract4,1,6.030665225904559,6yo
3,shapegen1554,novel,abstract4,1,2.5686555502096384,6yo
3,shapegen2205,novel,abstract4,1,2.304473644054641,6yo
3,shapegen2260,novel,abstract4,0,1.4308666956327003,6yo
3,shapegen2267,novel,abstract4,1,3.9662460790538367,6yo
3,shapegen2132,novel,abstract4,1,6.250636227575626,6yo
3,shapegen2249,novel,abstract4,0,2.4015100136497667,6yo
3,shapegen2326,novel,abstract4,1,2.4432830785915267,6yo
4,training_00,training,chair_vs_loudspeaker,1,3.5560480959530394,6yo
4,training_01,training,chair_vs_loudspeaker,1,2.416813846350456,6yo
4,training_02,training,chair_vs_abstract4,1,1.5719005591412514,6yo
4,training_03,training,lamp_vs_chair,1,1.98580137208235,6yo
4,training_04,training,lamp_vs_loudspeaker,1,1.8618006910246678,6yo
4,training_05,training,lamp_vs_abstract4,0,2.825868185910167,6yo
4,shapenet1357,warmup,chair,0,1.854933751943428,6yo
4,shapenet942,warmup,chair,1,1.483928018859215,6yo
4,shapenet1263,warmup,chair,0,1.1119576256514607,6yo
4,shapenet431,warmup,lamp,1,1.987988973441589,6yo
4,shapenet1477,warmup,lamp,1,3.9682380520817326,6yo
4,shapenet1053,warmup,lamp,1,1.7340973875909957,6yo
4,shapenet1147,warmup,bench,1,1.2807669177232495,6yo
4,shapenet886,warmup,bench,1,1.5008424536069467,6yo
4,shapenet1082,familiar,lamp,1,1.9008624419862825,6yo
4,shapenet1392,familiar,telephone,1,2.2965570777636835,6yo
4,shapenet904,familiar,loudspeaker,0,1.6501348299151934,6yo
4,shapenet950,familiar,cabinet,1,1.1498322125574154,6yo
4,shapenet1460,familiar,telephone,0,4.245403328428642,6yo
4,shapenet1413,familiar,bench,1,1.8140860737045565,6yo
4,shapenet469,familiar,loudspeaker,1,3.3644685530501386,6yo
4,shapenet1451,familiar,display,1,2.2723216335487257,6yo
4,shapenet697,familiar,chair,1,2.063380766649251,6yo
4,shapenet1312,familiar,chair,0,4.066328739113645,6yo
4,shapenet1285,familiar,cabinet,1,2.80864101975204,6yo
4,shapenet782,familiar,chair,1,5.142639306607182,6yo
4,shapenet708,familiar,bench,1,2.317162645433822,6yo
4,shapegen1507,novel,abstract4,1,2.0417211683035728,6yo
4,shapegen1554,novel,abstract4,1,2.84588318113431,6yo
4,shapegen2205,novel,abstract4,1,2.4884313569799685,6yo
4,shapegen2260,novel,abstract4,1,7.101303567871339,6yo
4,shapegen2267,novel,abstract4,1,2.4462579157716036,6yo
4,shapegen2132,novel,abstract4,1,3.857493644689623,6yo
4,shapegen2249,novel,abstract4,0,3.2792751480542957,6yo
4,shapegen2326,novel,abstract4,0,2.026165844120513,6yo
5,training_00,training,chair_vs_loudspeaker,1,2.62620090661307,6yo
5,training_01,training,chair_vs_loudspeaker,1,1.848943752510258,6yo
5,training_02,training,chair_vs_abstract4,1,2.048193474183705,6yo
5,training_03,training,lamp_vs_chair,1,1.018634896490134,6yo
5,training_04,training,lamp_vs_loudspeaker,1,1.4633507392733487,6yo
5,training_05,training,lamp_vs_abstract4,1,3.3691908420770713,6yo
5,shapenet1357,warmup,chair,1,1.9945547548126512,6yo
5,shapenet942,warmup,chair,1,3.9546100081766586,6yo
5,shapenet1263,warmup,chair,0,4.258874680901233,6yo
5,shapenet431,warmup,lamp,1,4.2345449815917915,6yo
5,shapenet1477,warmup,lamp,0,5.351369498038684,6yo
5,shapenet1053,warmup,lamp,1,3.143888193585324,6yo
5,shapenet1147,warmup,bench,1,5.238882810367856,6yo
5,shapenet886,warmup,bench,1,3.82989562087329,6yo
5,shapenet1082,familiar,lamp,0,1.3277997920609066,6yo
5,shapenet1392,familiar,telephone,1,3.4597275583854885,6yo
5,shapenet904,familiar,loudspeaker,1,8.335160474981922,6yo
5,shapenet950,familiar,cabinet,1,1.234425080756519,6yo
5,shapenet1460,familiar,telephone,1,2.8805639321716177,6yo
5,shapenet1413,familiar,bench,1,1.7790751161123894,6yo
5,shapenet469,familiar,loudspeaker,1,2.0441161846486047,6yo
5,shapenet1451,familiar,display,1,2.2794613893872713,6yo
5,shapenet697,familiar,chair,1,3.4498548588013374,6yo
5,shapenet1312,familiar,chair,1,2.486103379926065,6yo
5,shapenet1285,familiar,cabinet,1,3.3983411675314072,6yo
5,shapenet782,familiar,chair,0,6.902014668327665,6yo
5,shapenet708,familiar,bench,1,4.651798557834177,6yo
5,shapegen1507,novel,abstract4,1,3.530289800406917,6yo
5,shapegen1554,novel,abstract4,1,2.921526004545213,6yo
5,shapegen2205,novel,abstract4,1,4.039679833373928,6yo
5,shapegen2260,novel,abstract4,1,1.4979766760400517,6yo
5,shapegen2267,novel,abstract4,1,2.6985159370215284,6yo
5,shapegen2132,novel,abstract4,1,4.117316045449487,6yo
5,shapegen2249,novel,abstract4,1,3.5019700691331606,6yo
5,shapegen2326,novel,abstract4,1,5.431091461933629,6yo
6,training_00,training,chair_vs_loudspeaker,1,1.8407689897750552,6yo
6,training_01,training,chair_vs_loudspeaker,1,1.674339268394812,6yo
6,training_02,training,chair_vs_abstract4,0,3.6619072600770295,6yo
6,training_03,training,lamp_vs_chair,1,2.6101052918645085,6yo
6,training_04,training,lamp_vs_loudspeaker,1,1.4722291292183134,6yo
6,training_05,training,lamp_vs_abstract4,1,3.384175581859835,6yo
6,shapenet1357,warmup,chair,1,3.0038832703084632,6yo
6,shapenet942,warmup,chair,1,2.4144197973542387,6yo
6,shapenet1263,warmup,chair,1,3.6656725071303407,6yo
6,shapenet431,warmup,lamp,0,3.272677426992253,6yo
6,shapenet1477,warmup,lamp,0,4.73122050249849,6yo
6,shapenet1053,warmup,lamp,1,4.711419427545669,6yo
6,shapenet1147,warmup,bench,1,2.037721750529701,6yo
6,shapenet886,warmup,bench,1,2.517510072038212,6yo
6,shapenet1082,familiar,lamp,0,2.5280547998588845,6yo
6,shapenet1392,familiar,telephone,1,6.869086792706978,6yo
6,shapenet904,familiar,loudspeaker,1,4.240851608680865,6yo
6,shapenet950,familiar,cabinet,1,2.915417283746512,6yo
6,shapenet1460,familiar,telephone,1,2.1363648001185167,6yo
6,shapenet1413,familiar,bench,0,3.0492233128877464,6yo
6,shapenet469,familiar,loudspeaker,1,1.1154858553913283,6yo
6,shapenet1451,familiar,display,1,2.571472319777516,6yo
6,shapenet697,familiar,chair,1,1.913995066927236,6yo
6,shapenet1312,familiar,chair,1,4.524660725826015,6yo
6,shapenet1285,familiar,cabinet,1,2.5866935085655265,6yo
6,shapenet782,familiar,chair,1,3.1400384867444444,6yo
6,shapenet708,familiar,bench,0,2.8250161891565386,6yo
6,shapegen1507,novel,abstract4,1,5.223490018249438,6yo
6,shapegen1554,novel,abstract4,1,5.290841263613054,6yo
6,shapegen2205,novel,abstract4,1,4.289042458161777,6yo
6,shapegen2260,novel,abstract4,1,3.8874829644184725,6yo
6,shapegen2267,novel,abstract4,1,1.661086437379327,6yo
6,shapegen2132,novel,abstract4,1,3.071758181980593,6yo
6,shapegen2249,novel,abstract4,1,5.745416974883709,6yo
6,shapegen2326,novel,abstract4,1,3.699060566433933,6yo
7,training_00,training,chair_vs_loudspeaker,1,1.7666496350230672,6yo
7,training_01,training,chair_vs_loudspeaker,1,2.30728991947593,6yo
7,training_02,training,chair_vs_abstract4,1,1.692143917508868,6yo
7,training_03,training,lamp_vs_chair,1,3.6168184272904047,6yo
7,training_04,training,lamp_vs_loudspeaker,1,1.0243908101203913,6yo
7,training_05,training,lamp_vs_abstract4,1,3.0931045499848624,6yo
7,shapenet1357,warmup,chair,1,4.878693199954551,6yo
7,shapenet942,warmup,chair,1,1.6155612330696545,6yo
7,shapenet1263,warmup,chair,1,3.452169324623701,6yo
7,shapenet431,warmup,lamp,1,3.089157548457814,6yo
7,shapenet1477,warmup,lamp,1,1.8100776393911087,6yo
7,shapenet1053,warmup,lamp,0,1.5521348517559956,6yo
7,shapenet1147,warmup,bench,1,3.206273753306923,6yo
7,shapenet886,warmup,bench,1,6.024065339491955,6yo
7,shapenet1082,familiar,lamp,1,5.231661092289809,6yo
7,shapenet1392,familiar,telephone,1,3.9838439155634324,6yo
7,shapenet904,familiar,loudspeaker,1,3.660971285054437,6yo
7,shapenet950,familiar,cabinet,1,3.2708234479462663,6yo
7,shapenet1460,familiar,telephone,1,2.883044040861601,6yo
7,shapenet1413,familiar,bench,1,3.7791265728606565,6yo
7,shapenet469,familiar,loudspeaker,1,2.069290475463453,6yo
7,shapenet1451,familiar,display,1,4.4107704268833325,6yo
7,shapenet697,familiar,chair,1,2.9742675617606897,6yo
7,shapenet1312,familiar,chair,1,2.995225931378662,6yo
7,shapenet1285,familiar,cabinet,0,6.204358946400113,6yo
7,shapenet782,familiar,chair,1,1.7140161388788826,6yo
7,shapenet708,familiar,bench,1,4.052171403111942,6yo
7,shapegen1507,novel,abstract4,1,6.540206174103867,6yo
7,shapegen1554,novel,abstract4,1,4.308336696699036,6yo
7,shapegen2205,novel,abstract4,1,3.747135888198285,6yo
7,shapegen2260,novel,abstract4,1,3.3126225814709844,6yo
7,shapegen2267,novel,abstract4,1,4.996337528348271,6yo
7,shapegen2132,novel,abstract4,1,1.401878329328308,6yo
7,shapegen2249,novel,abstract4,0,4.227434814411493,6yo
7,shapegen2326,novel,abstract4,1,2.9607376846035156,6yo
8,training_00,training,chair_vs_loudspeaker,1,2.3652526798326217,6yo
8,training_01,training,chair_vs_loudspeaker,1,2.622506643645468,6yo
8,training_02,training,chair_vs_abstract4,1,1.707430464195018,6yo
8,training_03,training,lamp_vs_chair,1,1.9514489062560154,6yo
8,training_04,training,lamp_vs_loudspeaker,1,4.072898087448631,6yo
8,training_05,training,lamp_vs_abstract4,1,1.8844049139465768,6yo
8,shapenet1357,warmup,chair,1,1.554120340494678,6yo
8,shapenet942,warmup,chair,1,3.3176344189852363,6yo
8,shapenet1263,warmup,chair,1,4.7659695477231425,6yo
8,shapenet431,warmup,lamp,1,1.473979832761998,6yo
8,shapenet1477,warmup,lamp,1,4.140275369959535,6yo
8,shapenet1053,warmup,lamp,1,5.031376882742485,6yo
8,shapenet1147,warmup,bench,1,4.027675394101597,6yo
8,shapenet886,warmup,bench,1,2.4738370984101103,6yo
8,shapenet1082,familiar,lamp,0,4.884131661533431,6yo
8,shapenet1392,familiar,telephone,0,5.130573032077957,6yo
8,shapenet904,familiar,loudspeaker,0,1.83009874042633,6yo
8,shapenet950,familiar,cabinet,1,4.274678508164211,6yo
8,shapenet1460,familiar,telephone,1,3.165987851837631,6yo
8,shapenet1413,familiar,bench,1,3.10933844623659,6yo
8,shapenet469,familiar,loudspeaker,1,1.377429218659095,6yo
8,shapenet1451,familiar,display,1,1.2526895190600627,6yo
8,shapenet697,familiar,chair,1,3.173253171341747,6yo
8,shapenet1312,familiar,chair,1,2.8395644608208244,6yo
8,shapenet1285,familiar,cabinet,1,2.823324388205684,6yo
8,shapenet782,familiar,chair,0,2.6866433864916135,6yo
8,shapenet708,familiar,bench,1,1.9420305050648141,6yo
8,shapegen1507,novel,abstract4,0,5.006259181272542,6yo
8,shapegen1554,novel,abstract4,1,6.490306742021983,6yo
8,shapegen2205,novel,abstract4,1,1.779123173095305,6yo
8,shapegen2260,novel,abstract4,0,4.629873152335174,6yo
8,shapegen2267,novel,abstract4,1,1.9549782417931878,6yo
8,shapegen2132,novel,abstract4,1,3.028142171026934,6yo
8,shapegen2249,novel,abstract4,0,4.109531138154619,6yo
8,shapegen2326,novel,abstract4,0,2.481899336072347,6yo
9,training_00,training,chair_vs_loudspeaker,0,2.2241163368707086,6yo
9,training_01,training,chair_vs_loudspeaker,0,1.7594851745612803,6yo
9,training_02,training,chair_vs_abstract4,1,1.508015045874619,6yo
9,training_03,training,lamp_vs_chair,1,1.805848934439383,6yo
9,training_04,training,lamp_vs_loudspeaker,1,3.733663239831093,6yo
9,training_05,training,lamp_vs_abstract4,1,2.2381015044676875,6yo
9,shapenet1357,warmup,chair,1,2.724851735475642,6yo
9,shapenet942,warmup,chair,1,2.2324586219214484,6yo
9,shapenet1263,warmup,chair,1,2.4061946636350204,6yo
9,shapenet431,warmup,lamp,1,3.6038373664965686,6yo
9,shapenet1477,warmup,lamp,1,2.7649257664878557,6yo
9,shapenet1053,warmup,lamp,1,5.782006230711484,6yo
9,shapenet1147,warmup,bench,1,2.11311399987789,6yo
9,shapenet886,warmup,bench,1,4.803516802763838,6yo
9,shapenet1082,familiar,lamp,1,1.6077117590059231,6yo
9,shapenet1392,familiar,telephone,1,3.18851835457605,6yo
9,shapenet904,familiar,loudspeaker,1,3.0035095441447504,6yo
9,shapenet950,familiar,cabinet,1,5.550712133887646,6yo
9,shapenet1460,familiar,telephone,1,2.5947190275127725,6yo
9,shapenet1413,familiar,bench,0,6.512489643379157,6yo
9,shapenet469,familiar,loudspeaker,1,1.5382058413183402,6yo
9,shapenet1451,familiar,display,1,2.149647973189873,6yo
9,shapenet697,familiar,chair,1,2.2119221226206496,6yo
9,shapenet1312,familiar,chair,1,1.7010019528130178,6yo
9,shapenet1285,familiar,cabinet,0,3.0203601309239647,6yo
9,shapenet782,familiar,chair,0,2.6531392661137536,6yo
9,shapenet708,familiar,bench,1,4.766943862979694,6yo
9,shapegen1507,novel,abstract4,1,1.9953678742744878,6yo
9,shapegen1554,novel,abstract4,1,9.404132091597921,6yo
9,shapegen2205,novel,abstract4,1,7.117205560863602,6yo
9,shapegen2260,novel,abstract4,1,2.5957434297916846,6yo
9,shapegen2267,novel,abstract4,0,4.5728648585907985,6yo
9,shapegen2132,novel,abstract4,1,2.6121378127791304,6yo
9,shapegen2249,novel,abstract4,1,4.50790372709804,6yo
9,shapegen2326,novel,abstract4,0,1.8696049006124293,6yo
10,training_00,training,chair_vs_loudspeaker,1,1.1524303775377687,6yo
10,training_01,training,chair_vs_loudspeaker,1,2.1519042698632407,6yo
10,training_02,training,chair_vs_abstract4,1,2.2029269105536753,6yo
10,training_03,training,lamp_vs_chair,1,2.3944914106455033,6yo
10,training_04,training,lamp_vs_loudspeaker,1,4.854235762328816,6yo
10,training_05,training,lamp_vs_abstract4,1,1.853662022326703,6yo
10,shapenet1357,warmup,chair,1,2.4181935035184745,6yo
10,shapenet942,warmup,chair,1,1.4008011361964423,6yo
10,shapenet1263,warmup,chair,0,3.0670143802016514,6yo
10,shapenet431,warmup,lamp,1,2.448296405576949,6yo
10,shapenet1477,warmup,lamp,1,1.6028404916807677,6yo
10,shapenet1053,warmup,lamp,1,2.749880636804692,6yo
10,shapenet1147,warmup,bench,1,1.726011275323639,6yo
10,shapenet886,warmup,bench,1,6.710777260868787,6yo
10,shapenet1082,familiar,lamp,1,2.5849538312724043,6yo
10,shapenet1392,familiar,telephone,0,1.7753320214001371,6yo
10,shapenet904,familiar,loudspeaker,1,3.844545256382592,6yo
10,shapenet950,familiar,cabinet,1,0.9187646967312741,6yo
10,shapenet1460,familiar,telephone,0,1.715308274314735,6yo
10,shapenet1413,familiar,bench,1,4.600536885678686,6yo
10,shapenet469,familiar,loudspeaker,1,1.6975096657604483,6yo
10,shapenet1451,familiar,display,1,4.155754014209012,6yo
10,shapenet697,familiar,chair,1,4.758459364636573,6yo
10,shapenet1312,familiar,chair,0,6.04377279941248,6yo
10,shapenet1285,familiar,cabinet,1,1.7628644741662145,6yo
10,shapenet782,familiar,chair,0,2.096713289378399,6yo
10,shapenet708,familiar,bench,1,4.477961829076036,6yo
10,shapegen1507,novel,abstract4,1,5.620803396607571,6yo
10,shapegen1554,novel,abstract4,1,2.520304276875673,6yo
10,shapegen2205,novel,abstract4,1,1.6414548884501126,6yo
10,shapegen2260,novel,abstract4,1,1.9073992739558026,6yo
10,shapegen2267,novel,abstract4,1,1.9282136786669544,6yo
10,shapegen2132,novel,abstract4,1,2.9610128719774385,6yo
10,shapegen2249,novel,abstract4,1,3.818097040730178,6yo
10,shapegen2326,novel,abstract4,0,2.7185033969437424,6yo
11,training_00,training,chair_vs_loudspeaker,1,1.153326235906346,6yo
11,training_01,training,chair_vs_loudspeaker,1,2.090951654835845,6yo
11,training_02,training,chair_vs_abstract4,1,2.8797485065142796,6yo
11,training_03,training,lamp_vs_chair,1,2.7553055619765305,6yo
11,training_04,training,lamp_vs_loudspeaker,1,2.8276263465080933,6yo
11,training_05,training,lamp_vs_abstract4,1,1.7941563364700845,6yo
11,shapenet1357,warmup,chair,0,3.675436800311378,6yo
11,shapenet942,warmup,chair,1,2.752190715258473,6yo
11,shapenet1263,warmup,chair,1,1.5304877745813588,6yo
11,shapenet431,warmup,lamp,1,2.6443976049161977,6yo
11,shapenet1477,warmup,lamp,0,2.298912082027416,6yo
11,shapenet1053,warmup,lamp,1,1.041499096246084,6yo
11,shapenet1147,warmup,bench,1,6.72659326594061,6yo
11,shapenet886,warmup,bench,1,2.6411159661173906,6yo
11,shapenet1082,familiar,lamp,1,7.343796812649648,6yo
11,shapenet1392,familiar,telephone,1,3.590533320324435,6yo
11,shapenet904,familiar,loudspeaker,1,1.9394902860619143,6yo
11,shapenet950,familiar,cabinet,0,1.8357289841717914,6yo
11,shapenet1460,familiar,telephone,0,3.512221115077921,6yo
11,shapenet1413,familiar,bench,1,3.2618096157391094,6yo
11,shapenet469,familiar,loudspeaker,1,2.2306144457870367,6yo
11,shapenet1451,familiar,display,1,0.7411306541418097,6yo
11,shapenet697,familiar,chair,1,3.168211439470108,6yo
11,shapenet1312,familiar,chair,1,7.350480377525252,6yo
11,shapenet1285,familiar,cabinet,1,7.446590296623548,6yo
11,shapenet782,familiar,chair,1,3.889889940368322,6yo
11,shapenet708,familiar,bench,1,2.5311452569919366,6yo
11,shapegen1507,novel,abstract4,0,3.7836429794742896,6yo
11,shapegen1554,novel,abstract4,1,2.345473594923584,6yo
11,shapegen2205,novel,abstract4,0,4.551113146280303,6yo
11,shapegen2260,novel,abstract4,1,1.9131104628762878,6yo
11,shapegen2267,novel,abstract4,0,3.8015362928926524,6yo
11,shapegen2132,novel,abstract4,1,5.3565287686659255,6yo
11,shapegen2249,novel,abstract4,1,4.226783651282155,6yo
11,shapegen2326,novel,abstract4,0,2.3150564691243,6yo
12,training_00,training,chair_vs_loudspeaker,1,2.26066692437629,6yo
12,training_01,training,chair_vs_loudspeaker,1,2.941680761117389,6yo
12,training_02,training,chair_vs_abstract4,1,0.5062309607157128,6yo
12,training_03,training,lamp_vs_chair,1,1.5294761993410724,6yo
12,training_04,training,lamp_vs_loudspeaker,1,1.8972090659641598,6yo
12,training_05,training,lamp_vs_abstract4,1,3.736112986210907,6yo
12,shapenet1357,warmup,chair,1,1.3206519518349908,6yo
12,shapenet942,warmup,chair,1,3.138996159546428,6yo
12,shapenet1263,warmup,chair,1,1.8692560870686388,6yo
12,shapenet431,warmup,lamp,1,2.261969970864059,6yo
12,shapenet1477,warmup,lamp,0,1.746275199549654,6yo
12,shapenet1053,warmup,lamp,1,2.0569906497229,6yo
12,shapenet1147,warmup,bench,1,2.5400161933149783,6yo
12,shapenet886,warmup,bench,1,2.4452871649755274,6yo
12,shapenet1082,familiar,lamp,1,2.132657011276682,6yo
12,shapenet1392,familiar,telephone,0,1.1918442231293565,6yo
12,shapenet904,familiar,loudspeaker,1,2.0300401158894155,6yo
12,shapenet950,familiar,cabinet,1,2.0757745313086717,6yo
12,shapenet1460,familiar,telephone,1,4.028064432843844,6yo
12,shapenet1413,familiar,bench,1,1.9672484162367898,6yo
12,shapenet469,familiar,loudspeaker,1,2.2063850006883157,6yo
12,shapenet1451,familiar,display,1,5.028685271882844,6yo
12,shapenet697,familiar,chair,1,2.548407469808843,6yo
12,shapenet1312,familiar,chair,0,3.6036398507159557,6yo
12,shapenet1285,familiar,cabinet,1,1.958947262915015,6yo
12,shapenet782,familiar,chair,0,5.03378569179479,6yo
12,shapenet708,familiar,bench,1,2.9514960423377743,6yo
12,shapegen1507,novel,abstract4,1,1.8590201938667767,6yo
12,shapegen1554,novel,abstract4,1,4.590425239953371,6yo
12,shapegen2205,novel,abstract4,1,3.0906867793772395,6yo
12,shapegen2260,novel,abstract4,1,5.316651996978244,6yo
12,shapegen2267,novel,abstract4,0,6.018492379496486,6yo
12,shapegen2132,novel,abstract4,1,2.8508504757978406,6yo
12,shapegen2249,novel,abstract4,1,3.6084157817008635,6yo
12,shapegen2326,novel,abstract4,1,3.457746456600089,6yo
13,training_00,training,chair_vs_loudspeaker,1,1.570742047560782,6yo
13,training_01,training,chair_vs_loudspeaker,1,2.021165871845627,6yo
13,training_02,training,chair_vs_abstract4,0,1.4860759209953376,6yo
13,training_03,training,lamp_vs_chair,1,2.059841635103886,6yo
13,training_04,training,lamp_vs_loudspeaker,1,4.156126101902143,6yo
13,training_05,training,lamp_vs_abstract4,1,2.5248636788837424,6yo
13,shapenet1357,warmup,chair,1,3.10292474769879,6yo
13,shapenet942,warmup,chair,1,7.445550286124993,6yo
13,shapenet1263,warmup,chair,0,2.3380680840348385,6yo
13,shapenet431,warmup,lamp,1,1.9524481210137132,6yo
13,shapenet1477,warmup,lamp,1,2.6674643363649673,6yo
13,shapenet1053,warmup,lamp,1,1.9170275551942761,6yo
13,shapenet1147,warmup,bench,1,3.1346241504714363,6yo
13,shapenet886,warmup,bench,1,1.6234761778257019,6yo
13,shapenet1082,familiar,lamp,1,2.059083523081501,6yo
13,shapenet1392,familiar,telephone,1,0.9391195211900741,6yo
13,shapenet904,familiar,loudspeaker,0,2.604077002712036,6yo
13,shapenet950,familiar,cabinet,1,2.351057589534962,6yo
13,shapenet1460,familiar,telephone,0,3.2001040376214114,6yo
13,shapenet1413,familiar,bench,1,9.609123104145677,6yo
13,shapenet469,familiar,loudspeaker,1,4.988653049273126,6yo
13,shapenet1451,familiar,display,1,4.4201417091205375,6yo
13,shapenet697,familiar,chair,1,1.40181562982173,6yo
13,shapenet1312,familiar,chair,1,3.888924166785044,6yo
13,shapenet1285,familiar,cabinet,1,3.94131034607902,6yo
13,shapenet782,familiar,chair,1,3.6530787385755774,6yo
13,shapenet708,familiar,bench,1,2.0870656667017777,6yo
13,shapegen1507,novel,abstract4,0,3.651196807015997,6yo
13,shapegen1554,novel,abstract4,1,4.030131391275728,6yo
13,shapegen2205,novel,abstract4,1,2.79197913638995,6yo
13,shapegen2260,novel,abstract4,1,4.232787337191709,6yo
13,shapegen2267,novel,abstract4,0,4.735974408627443,6yo
13,shapegen2132,novel,abstract4,1,3.125517343616173,6yo
13,shapegen2249,novel,abstract4,1,2.1425836829168454,6yo
13,shapegen2326,novel,abstract4,1,1.5818974148634501,6yo
14,training_00,training,chair_vs_loudspeaker,1,1.819556509603421,6yo
14,training_01,training,chair_vs_loudspeaker,1,2.6196480742410166,6yo
14,training_02,training,chair_vs_abstract4,1,2.6232691092281746,6yo
14,training_03,training,lamp_vs_chair,1,1.8089853026737304,6yo
14,training_04,training,lamp_vs_loudspeaker,1,1.5336151155148483,6yo
14,training_05,training,lamp_vs_abstract4,1,1.9531861860951272,6yo
14,shapenet1357,warmup,chair,1,4.734829567272422,6yo
14,shapenet942,warmup,chair,0,1.125293034475516,6yo
14,shapenet1263,warmup,chair,1,2.150814179811844,6yo
14,shapenet431,warmup,lamp,1,1.5628989164859999,6yo
14,shapenet1477,warmup,lamp,1,3.881596060955496,6yo
14,shapenet1053,warmup,lamp,1,3.0653772563688095,6yo
14,shapenet1147,warmup,bench,0,2.7171203562754918,6yo
14,shapenet886,warmup,bench,1,1.7349104445707209,6yo
14,shapenet1082,familiar,lamp,1,1.7916682051036041,6yo
14,shapenet1392,familiar,telephone,1,3.5229167369026078,6yo
14,shapenet904,familiar,loudspeaker,1,2.8907849053475223,6yo
14,shapenet950,familiar,cabinet,1,2.032706139686222,6yo
14,shapenet1460,familiar,telephone,1,2.9220811590118743,6yo
14,shapenet1413,familiar,bench,1,2.6756034908163087,6yo
14,shapenet469,familiar,loudspeaker,1,4.625433135520143,6yo
14,shapenet1451,familiar,display,1,3.696483669860366,6yo
14,shapenet697,familiar,chair,1,2.7525622426295646,6yo
14,shapenet1312,familiar,chair,0,3.2543037793782603,6yo
14,shapenet1285,familiar,cabinet,0,3.5622764829670506,6yo
14,shapenet782,familiar,chair,1,2.9909536105809034,6yo
14,shapenet708,familiar,bench,1,1.5977261247634722,6yo
14,shapegen1507,novel,abstract4,0,6.021860915725982,6yo
14,shapegen1554,novel,abstract4,1,9.11903525651895,6yo
14,shapegen2205,novel,abstract4,1,5.798372419895812,6yo
14,shapegen2260,novel,abstract4,1,5.357915741300386,6yo
14,shapegen2267,novel,abstract4,1,2.818849280509335,6yo
14,shapegen2132,novel,abstract4,0,6.725415830857949,6yo
14,shapegen2249,novel,abstract4,0,3.984025038600237,6yo
14,shapegen2326,novel,abstract4,1,5.442981674067499,6yo
15,training_00,training,chair_vs_loudspeaker,1,2.771484733324719,6yo
15,training_01,training,chair_vs_loudspeaker,0,3.168749268668812,6yo
15,training_02,training,chair_vs_abstract4,1,1.852453196813146,6yo
15,training_03,training,lamp_vs_chair,1,2.4420214223009133,6yo
15,training_04,training,lamp_vs_loudspeaker,1,1.8362359628473137,6yo
15,training_05,training,lamp_vs_abstract4,1,1.5933926480816711,6yo
15,shapenet1357,warmup,chair,1,0.7277916113183256,6yo
15,shapenet942,warmup,chair,1,1.023245804539797,6yo
15,shapenet1263,warmup,chair,1,1.6940928095086507,6yo
15,shapenet431,warmup,lamp,1,2.0661708616506127,6yo
15,shapenet1477,warmup,lamp,1,4.3444531437564216,6yo
15,shapenet1053,warmup,lamp,1,1.713608338582248,6yo
15,shapenet1147,warmup,bench,0,1.687846595558836,6yo
15,shapenet886,warmup,bench,1,5.998919604236488,6yo
15,shapenet1082,familiar,lamp,1,4.628049805475326,6yo
15,shapenet1392,familiar,telephone,1,11.610311858991134,6yo
15,shapenet904,familiar,loudspeaker,1,3.9639501765315552,6yo
15,shapenet950,familiar,cabinet,1,2.014596151865359,6yo
15,shapenet1460,familiar,telephone,1,1.0133139525255035,6yo
15,shapenet1413,familiar,bench,1,3.441702746766045,6yo
15,shapenet469,familiar,loudspeaker,1,6.668385554671818,6yo
15,shapenet1451,familiar,display,1,2.175299240226917,6yo
15,shapenet697,familiar,chair,1,3.780852540095441,6yo
15,shapenet1312,familiar,chair,1,1.9227889614052183,6yo
15,shapenet1285,familiar,cabinet,1,2.057801434390255,6yo
15,shapenet782,familiar,chair,1,2.5991041766158482,6yo
15,shapenet708,familiar,bench,1,5.195458779820576,6yo
15,shapegen1507,novel,abstract4,1,3.4680023541647222,6yo
15,shapegen1554,novel,abstract4,0,3.8422075524791794,6yo
15,shapegen2205,novel,abstract4,1,2.6324778546599132,6yo
15,shapegen2260,novel,abstract4,1,3.4134219532653405,6yo
15,shapegen2267,novel,abstract4,0,3.445703234110647,6yo
15,shapegen2132,novel,abstract4,1,4.2217798558621435,6yo
15,shapegen2249,novel,abstract4,0,2.730525915843738,6yo
15,shapegen2326,novel,abstract4,1,3.6803843735415596,6yo
16,training_00,training,chair_vs_loudspeaker,1,2.223948751462888,6yo
16,training_01,training,chair_vs_loudspeaker,1,1.2524109518002005,6yo
16,training_02,training,chair_vs_abstract4,1,2.778221613965631,6yo
16,training_03,training,lamp_vs_chair,1,2.0300754456501795,6yo
16,training_04,training,lamp_vs_loudspeaker,1,2.4537353443099197,6yo
16,training_05,training,lamp_vs_abstract4,1,3.3156906918811515,6yo
16,shapenet1357,warmup,chair,1,2.3158448685004065,6yo
16,shapenet942,warmup,chair,1,1.2579385520446904,6yo
16,shapenet1263,warmup,chair,1,1.7547104638932787,6yo
16,shapenet431,warmup,lamp,1,4.009704511612742,6yo
16,shapenet1477,warmup,lamp,1,5.124930521913816,6yo
16,shapenet1053,warmup,lamp,1,2.057134307827846,6yo
16,shapenet1147,warmup,bench,0,2.582873550876997,6yo
16,shapenet886,warmup,bench,1,1.1558489511282688,6yo
16,shapenet1082,familiar,lamp,1,3.6269915891620674,6yo
16,shapenet1392,familiar,telephone,0,4.347105793896623,6yo
16,shapenet904,familiar,loudspeaker,1,2.582336689228071,6yo
16,shapenet950,familiar,cabinet,1,4.1725142928908445,6yo
16,shapenet1460,familiar,telephone,1,4.564298146395141,6yo
16,shapenet1413,familiar,bench,1,2.509238021191289,6yo
16,shapenet469,familiar,loudspeaker,1,1.2704130013985195,6yo
16,shapenet1451,familiar,display,0,1.7037355067994957,6yo
16,shapenet697,familiar,chair,1,3.4320950031648256,6yo
16,shapenet1312,familiar,chair,1,2.994321997758619,6yo
16,shapenet1285,familiar,cabinet,1,2.4559902398536595,6yo
16,shapenet782,familiar,chair,1,1.4386017979887855,6yo
16,shapenet708,familiar,bench,0,2.1121082968517277,6yo
16,shapegen1507,novel,abstract4,1,5.043847902583211,6yo
16,shapegen1554,novel,abstract4,0,6.7702614287148295,6yo
16,shapegen2205,novel,abstract4,1,3.5124035810761134,6yo
16,shapegen2260,novel,abstract4,1,1.5493173822496853,6yo
16,shapegen2267,novel,abstract4,1,3.7342526232982434,6yo
16,shapegen2132,novel,abstract4,0,3.5140502674949614,6yo
16,shapegen2249,novel,abstract4,1,2.792756197156164,6yo
16,shapegen2326,novel,abstract4,0,2.427649961344932,6yo
17,training_00,training,chair_vs_loudspeaker,1,1.6086486008012213,6yo
17,training_01,training,chair_vs_loudspeaker,1,1.7649428156420781,6yo
17,training_02,training,chair_vs_abstract4,1,2.1102188060788727,6yo
17,training_03,training,lamp_vs_chair,1,2.544394772701975,6yo
17,training_04,training,lamp_vs_loudspeaker,1,2.3429641953292437,6yo
17,training_05,training,lamp_vs_abstract4,1,2.268034318198895,6yo
17,shapenet1357,warmup,chair,1,1.921624861410656,6yo
17,shapenet942,warmup,chair,0,3.572513080035156,6yo
17,shapenet1263,warmup,chair,1,4.443077190175893,6yo
17,shapenet431,warmup,lamp,1,2.6383042555304344,6yo
17,shapenet1477,warmup,lamp,1,3.7360491302498295,6yo
17,shapenet1053,warmup,lamp,1,2.9052982996625887,6yo
17,shapenet1147,warmup,bench,1,1.6613456937070636,6yo
17,shapenet886,warmup,bench,1,3.475639462174509,6yo
17,shapenet1082,familiar,lamp,1,2.9733445746129306,6yo
17,shapenet1392,familiar,telephone,1,4.188445518751481,6yo
17,shapenet904,familiar,loudspeaker,1,6.004305555407748,6yo
17,shapenet950,familiar,cabinet,1,2.582996496677307,6yo
17,shapenet1460,familiar,telephone,1,1.9612278222712858,6yo
17,shapenet1413,familiar,bench,1,2.231404775843109,6yo
17,shapenet469,familiar,loudspeaker,1,3.9351206899125977,6yo
17,shapenet1451,familiar,display,1,3.8965780356699407,6yo
17,shapenet697,familiar,chair,0,4.036451412270934,6yo
17,shapenet1312,familiar,chair,0,2.569207585011576,6yo
17,shapenet1285,familiar,cabinet,1,3.181446036252391,6yo
17,shapenet782,familiar,chair,0,3.045148676897132,6yo
17,shapenet708,familiar,bench,1,5.696985302361245,6yo
17,shapegen1507,novel,abstract4,0,2.767030238565549,6yo
17,shapegen1554,novel,abstract4,1,2.629350485322565,6yo
17,shapegen2205,novel,abstract4,0,2.7917569235762243,6yo
17,shapegen2260,novel,abstract4,0,5.441124690884693,6yo
17,shapegen2267,novel,abstract4,1,4.840425608502697,6yo
17,shapegen2132,novel,abstract4,0,1.990475164597191,6yo
17,shapegen2249,novel,abstract4,1,1.95013086421351,6yo
17,shapegen2326,novel,abstract4,0,4.082647106531201,6yo
18,training_00,training,chair_vs_loudspeaker,1,0.926916950343917,6yo
18,training_01,training,chair_vs_loudspeaker,1,1.6316012325195868,6yo
18,training_02,training,chair_vs_abstract4,1,1.4863914066662076,6yo
18,training_03,training,lamp_vs_chair,1,4.15730566839864,6yo
18,training_04,training,lamp_vs_loudspeaker,1,1.4142126048093857,6yo
18,training_05,training,lamp_vs_abstract4,1,1.7225912479149843,6yo
18,shapenet1357,warmup,chair,1,4.813357063965446,6yo
18,shapenet942,warmup,chair,1,1.6585747353034355,6yo
18,shapenet1263,warmup,chair,1,5.231623604425754,6yo
18,shapenet431,warmup,lamp,1,1.0594238632670199,6yo
18,shapenet1477,warmup,lamp,1,3.1980328892536236,6yo
18,shapenet1053,warmup,lamp,1,2.878988028708959,6yo
18,shapenet1147,warmup,bench,1,4.062502245842151,6yo
18,shapenet886,warmup,bench,0,2.8181853479466055,6yo
18,shapenet1082,familiar,lamp,1,3.3526976594069215,6yo
18,shapenet1392,familiar,telephone,1,2.2602539599441007,6yo
18,shapenet904,familiar,loudspeaker,1,2.6984047741055077,6yo
18,shapenet950,familiar,cabinet,1,5.713005589685742,6yo
18,shapenet1460,familiar,telephone,1,3.6375938843977487,6yo
18,shapenet1413,familiar,bench,1,3.9523462373101976,6yo
18,shapenet469,familiar,loudspeaker,1,3.3670257575545794,6yo
18,shapenet1451,familiar,display,1,2.787865157796625,6yo
18,shapenet697,familiar,chair,1,1.3856229024126039,6yo
18,shapenet1312,familiar,chair,1,5.200023766999098,6yo
18,shapenet1285,familiar,cabinet,1,4.142224314007609,6yo
18,shapenet782,familiar,chair,1,3.073428747902278,6yo
18,shapenet708,familiar,bench,0,2.1103161016067027,6yo
18,shapegen1507,novel,abstract4,1,4.868394014286015,6yo
18,shapegen1554,novel,abstract4,1,2.3115722195388178,6yo
18,shapegen2205,novel,abstract4,1,4.512915404105896,6yo
18,shapegen2260,novel,abstract4,1,2.6101393397490518,6yo
18,shapegen2267,novel,abstract4,1,3.9296599572150406,6yo
18,shapegen2132,novel,abstract4,1,6.123986461205977,6yo
18,shapegen2249,novel,abstract4,1,3.647691430026383,6yo
18,shapegen2326,novel,abstract4,0,4.293258789489947,6yo
19,training_00,training,chair_vs_loudspeaker,1,1.9686877601989154,6yo
19,training_01,training,chair_vs_loudspeaker,1,2.9963890583236052,6yo
19,training_02,training,chair_vs_abstract4,1,1.9577269256123069,6yo
19,training_03,training,lamp_vs_chair,1,4.502582815375518,6yo
19,training_04,training,lamp_vs_loudspeaker,1,1.9225368693826577,6yo
19,training_05,training,lamp_vs_abstract4,1,1.9306281859722156,6yo
19,shapenet1357,warmup,chair,1,3.2711309620042606,6yo
19,shapenet942,warmup,chair,0,2.9889984417318867,6yo
19,shapenet1263,warmup,chair,0,3.5008566475279825,6yo
19,shapenet431,warmup,lamp,1,2.170808346146087,6yo
19,shapenet1477,warmup,lamp,1,3.7531885896857387,6yo
19,shapenet1053,warmup,lamp,1,1.3077955947003723,6yo
19,shapenet1147,warmup,bench,1,2.0729099442405405,6yo
19,shapenet886,warmup,bench,1,3.424337866547352,6yo
19,shapenet1082,familiar,lamp,1,1.3753661318524624,6yo
19,shapenet1392,familiar,telephone,1,3.679684848490964,6yo
19,shapenet904,familiar,loudspeaker,1,3.405060180365537,6yo
19,shapenet950,familiar,cabinet,1,2.223291858192607,6yo
19,shapenet1460,familiar,telephone,1,3.6817113364367064,6yo
19,shapenet1413,familiar,bench,1,2.2773063810997947,6yo
19,shapenet469,familiar,loudspeaker,1,4.160243310104464,6yo
19,shapenet1451,familiar,display,1,3.517444398298387,6yo
19,shapenet697,familiar,chair,1,4.622425586775299,6yo
19,shapenet1312,familiar,chair,1,7.742774321451316,6yo
19,shapenet1285,familiar,cabinet,1,3.539903418022159,6yo
19,shapenet782,familiar,chair,0,4.9342644758072725,6yo
19,shapenet708,familiar,bench,1,1.8282788133805308,6yo
19,shapegen1507,novel,abstract4,1,4.447307222334523,6yo
19,shapegen1554,novel,abstract4,1,1.325832723346811,6yo
19,shapegen2205,novel,abstract4,0,4.584218041724791,6yo
19,shapegen2260,novel,abstract4,0,2.0793971589082627,6yo
19,shapegen2267,novel,abstract4,1,4.894433446513641,6yo
19,shapegen2132,novel,abstract4,1,5.864090871965941,6yo
19,shapegen2249,novel,abstract4,0,4.424354038078298,6yo
19,shapegen2326,novel,abstract4,0,1.5552916842262112,6yo
